Código UC,Nome da UC,Municípios Abrangidos
0000.00.0001,ÁREA DE PROTEÇÃO AMBIENTAL ANHATOMIRIM,GOVERNADOR CELSO RAMOS (SC)
0000.00.0005,ÁREA DE PROTEÇÃO AMBIENTAL DA BACIA DO RIO SÃO JOÃO - MICO-LEÃO-DOURADO,ARARUAMA (RJ) - CABO FRIO (RJ) - CACHOEIRAS DE MACACU (RJ) - CASIMIRO DE ABREU (RJ) - RIO BONITO (RJ) - RIO DAS OSTRAS (RJ) - SILVA JARDIM (RJ)
0000.00.0006,ÁREA DE PROTEÇÃO AMBIENTAL DA BALEIA FRANCA,FLORIANÓPOLIS (SC) - GAROPABA (SC) - IÇARA (SC) - IMBITUBA (SC) - JAGUARUNA (SC) - LAGUNA (SC) - PALHOÇA (SC) - PAULO LOPES (SC) - TUBARÃO (SC)
0000.00.0007,ÁREA DE PROTEÇÃO AMBIENTAL DA BARRA DO RIO MAMANGUAPE,BAÍA DA TRAIÇÃO (PB) - LUCENA (PB) - MARCAÇÃO (PB) - RIO TINTO (PB)
0000.00.0009,ÁREA DE PROTEÇÃO AMBIENTAL DA COSTA DOS CORAIS,BARRA DE SANTO ANTÔNIO (AL) - BARREIROS (PE) - JAPARATINGA (AL) - MACEIÓ (AL) - MARAGOGI (AL) - PARIPUEIRA (AL) - PASSO DE CAMARAGIBE (AL) - PORTO CALVO (AL) - PORTO DE PEDRAS (AL) - SÃO JOSÉ DA COROA GRANDE (PE) - SÃO MIGUEL DOS MILAGRES (AL) - TAMANDARÉ (PE)
0000.00.0010,ÁREA DE PROTEÇÃO AMBIENTAL DA REGIÃO SERRANA DE PETRÓPOLIS,DUQUE DE CAXIAS (RJ) - GUAPIMIRIM (RJ) - MAGÉ (RJ) - PETRÓPOLIS (RJ)
0000.00.0013,ÁREA DE PROTEÇÃO AMBIENTAL DE CAIRUÇU,PARATY (RJ)
0000.00.0014,ÁREA DE PROTEÇÃO AMBIENTAL DE CANANÉIA-IGUAPÉ-PERUÍBE,CANANÉIA (SP) - IGUAPE (SP) - ILHA COMPRIDA (SP) - ITARIRI (SP) - MIRACATU (SP) - PERUÍBE (SP)
0000.00.0015,ÁREA DE PROTEÇÃO AMBIENTAL DE FERNANDO DE NORONHA - ROCAS - SÃO PEDRO E SÃO PAULO,FERNANDO DE NORONHA (PE)
0000.00.0016,ÁREA DE PROTEÇÃO AMBIENTAL DE GUAPI-MIRIM,GUAPIMIRIM (RJ) - ITABORAÍ (RJ) - MAGÉ (RJ) - SÃO GONÇALO (RJ)
0000.00.0017,ÁREA DE PROTEÇÃO AMBIENTAL DE GUARAQUEÇABA,ANTONINA (PR) - CAMPINA GRANDE DO SUL (PR) - GUARAQUEÇABA (PR) - PARANAGUÁ (PR)
0000.00.0018,ÁREA DE PROTEÇÃO AMBIENTAL DE PIAÇABUÇU,FELIZ DESERTO (AL) - PIAÇABUÇU (AL)
0000.00.0019,ÁREA DE PROTEÇÃO AMBIENTAL DELTA DO PARNAIBA,ÁGUA DOCE DO MARANHÃO (MA) - ARAIOSES (MA) - BARROQUINHA (CE) - CAJUEIRO DA PRAIA (PI) - CHAVAL (CE) - ILHA GRANDE (PI) - LUÍS CORREIA (PI) - PARNAÍBA (PI) - PAULINO NEVES (MA) - TUTÓIA (MA)
0000.00.0029,ÁREA DE PROTEÇÃO AMBIENTAL SERRA DA IBIAPABA,BOM PRINCÍPIO DO PIAUÍ (PI) - BRASILEIRA (PI) - BURITI DOS LOPES (PI) - CHAVAL (CE) - COCAL (PI) - CONCEIÇÃO DO CANINDÉ (PI) - DOMINGOS MOURÃO (PI) - GRANJA (CE) - LAGOA DE SÃO FRANCISCO (PI) - MORAÚJO (CE) - PEDRO II (PI) - PIRACURUCA (PI) - PIRIPIRI (PI) - TIANGUÁ (CE) - VIÇOSA DO CEARÁ (CE)
0000.00.0034,MONUMENTO NATURAL DAS ILHAS CAGARRAS,NITERÓI (RJ)
0000.00.0036,ÁREA DE RELEVANTE INTERESSE ECOLÓGICO ILHA AMEIXAL,PERUÍBE (SP)
0000.00.0037,ÁREA DE RELEVANTE INTERESSE ECOLÓGICO ILHAS QUEIMADA GRANDE E QUEIMADA PEQUENA,PERUÍBE (SP)
0000.00.0039,ÁREA DE RELEVANTE INTERESSE ECOLÓGICO MANGUEZAIS DA FOZ DO RIO MAMANGUAPE,MARCAÇÃO (PB) - RIO TINTO (PB)
0000.00.0052,ESTAÇÃO ECOLÓGICA DE CARIJÓS,FLORIANÓPOLIS (SC)
0000.00.0054,ESTAÇÃO ECOLÓGICA DE GUARAQUEÇABA,GUARAQUEÇABA (PR)
0000.00.0058,ESTAÇÃO ECOLÓGICA DE MARACÁ JIPIOCA,AMAPÁ (AP)
0000.00.0059,ESTAÇÃO ECOLÓGICA DE MURICI,FLEXEIRAS (AL) - MESSIAS (AL) - MURICI (AL)
0000.00.0063,ESTAÇÃO ECOLÓGICA DE TAMOIOS,ANGRA DOS REIS (RJ) - PARATY (RJ)
0000.00.0064,ESTAÇÃO ECOLÓGICA TUPINAMBÁS,SÃO SEBASTIÃO (SP) - UBATUBA (SP)
0000.00.0067,ESTAÇÃO ECOLÓGICA DO JARI,ALMEIRIM (PA) - LARANJAL DO JARI (AP) - MAZAGÃO (AP)
0000.00.0070,ESTAÇÃO ECOLÓGICA DO TAIM,RIO GRANDE (RS) - SANTA VITÓRIA DO PALMAR (RS)
0000.00.0071,ESTAÇÃO ECOLÓGICA DOS TUPINIQUINS,CANANÉIA (SP) - ITANHAÉM (SP) - PERUÍBE (SP)
0000.00.0089,FLORESTA NACIONAL DE CAXIUANÃ,GURUPÁ (PA) - MELGAÇO (PA) - PORTEL (PA) - PORTO DE MOZ (PA)
0000.00.0091,FLORESTA NACIONAL DE GOYTACAZES,LINHARES (ES)
0000.00.0100,FLORESTA NACIONAL DE NÍSIA FLORESTA,NÍSIA FLORESTA (RN)
0000.00.0113,FLORESTA NACIONAL DO AMAPÁ,AMAPÁ (AP) - FERREIRA GOMES (AP) - PRACUÚBA (AP)
0000.00.0122,FLORESTA NACIONAL DE RIO PRETO,CONCEIÇÃO DA BARRA (ES)
0000.00.0127,FLORESTA NACIONAL DE MÁRIO XAVIER,SEROPÉDICA (RJ)
0000.00.0132,FLORESTA NACIONAL DA RESTINGA DE CABEDELO,CABEDELO (PB) - JOÃO PESSOA (PB)
0000.00.0140,PARQUE NACIONAL DA LAGOA DO PEIXE,MOSTARDAS (RS) - TAVARES (RS)
0000.00.0141,PARQUE NACIONAL RESTINGA DE JURUBATIBA,CARAPEBUS (RJ) - MACAÉ (RJ) - QUISSAMÃ (RJ)
0000.00.0142,PARQUE NACIONAL DA SERRA DA BOCAINA,ANGRA DOS REIS (RJ) - AREIAS (SP) - CUNHA (SP) - PARATY (RJ) - SÃO JOSÉ DO BARREIRO (SP) - UBATUBA (SP)
0000.00.0147,PARQUE NACIONAL SERRA DE ITABAIANA,AREIA BRANCA (SE) - CAMPO DO BRITO (SE) - ITABAIANA (SE) - ITAPORANGA D'AJUDA (SE) - LARANJEIRAS (SE) - MALHADOR (SE)
0000.00.0152,PARQUE NACIONAL DA SERRA DOS ÓRGÃOS,GUAPIMIRIM (RJ) - MAGÉ (RJ) - PETRÓPOLIS (RJ) - TERESÓPOLIS (RJ)
0000.00.0154,PARQUE NACIONAL DA TIJUCA,RIO DE JANEIRO (RJ)
0000.00.0162,PARQUE NACIONAL DE JERICOACOARA,CRUZ (CE) - JIJOCA DE JERICOACOARA (CE)
0000.00.0164,PARQUE NACIONAL DE SAINT-HILAIRE/LANGE,GUARATUBA (PR) - MATINHOS (PR) - MORRETES (PR) - PARANAGUÁ (PR)
0000.00.0169,PARQUE NACIONAL DO CABO ORANGE,CALÇOENE (AP) - OIAPOQUE (AP)
0000.00.0171,PARQUE NACIONAL DO DESCOBRIMENTO,PRADO (BA)
0000.00.0176,PARQUE NACIONAL DO PAU BRASIL,PORTO SEGURO (BA)
0000.00.0178,PARQUE NACIONAL DO SUPERAGUI,GUARAQUEÇABA (PR)
0000.00.0180,PARQUE NACIONAL DOS LENÇÓIS MARANHENSES,BARREIRINHAS (MA) - PRIMEIRA CRUZ (MA) - SANTO AMARO DO MARANHÃO (MA)
0000.00.0182,PARQUE NACIONAL E HISTÓRICO DO MONTE PASCOAL,PORTO SEGURO (BA)
0000.00.0185,PARQUE NACIONAL MARINHO DOS ABROLHOS,ALCOBAÇA (BA) - CARAVELAS (BA)
0000.00.0186,PARQUE NACIONAL MARINHO DE FERNANDO DE NORONHA,FERNANDO DE NORONHA (PE)
0000.00.0187,PARQUE NACIONAL MONTANHAS DO TUMUCUMAQUE,ALMEIRIM (PA) - CALÇOENE (AP) - LARANJAL DO JARI (AP) - OIAPOQUE (AP) - PEDRA BRANCA DO AMAPARI (AP) - SERRA DO NAVIO (AP)
0000.00.0195,RESERVA BIOLÓGICA DE COMBOIOS,ARACRUZ (ES) - LINHARES (ES)
0000.00.0196,RESERVA BIOLÓGICA GUARIBAS,MAMANGUAPE (PB) - RIO TINTO (PB)
0000.00.0198,RESERVA BIOLÓGICA DE SALTINHO,RIO FORMOSO (PE) - TAMANDARÉ (PE)
0000.00.0199,RESERVA BIOLÓGICA DE SANTA ISABEL,PACATUBA (SE) - PIRAMBU (SE)
0000.00.0201,RESERVA BIOLÓGICA DE SOORETAMA,JAGUARÉ (ES) - LINHARES (ES) - SOORETAMA (ES) - VILA VALÉRIO (ES)
0000.00.0202,RESERVA BIOLÓGICA DE UNA,UNA (BA)
0000.00.0203,RESERVA BIOLÓGICA DO ATOL DAS ROCAS,NATAL (RN)
0000.00.0205,RESERVA BIOLÓGICA DO CÓRREGO GRANDE,CONCEIÇÃO DA BARRA (ES) - MUCURI (BA)
0000.00.0209,RESERVA BIOLÓGICA DO LAGO PIRATUBA,AMAPÁ (AP) - TARTARUGALZINHO (AP)
0000.00.0212,RESERVA BIOLÓGICA DO TINGUÁ,DUQUE DE CAXIAS (RJ) - MIGUEL PEREIRA (RJ) - NOVA IGUAÇU (RJ) - PETRÓPOLIS (RJ)
0000.00.0214,RESERVA BIOLÓGICA MARINHA DO ARVOREDO,BOMBINHAS (SC) - FLORIANÓPOLIS (SC) - GOVERNADOR CELSO RAMOS (SC)
0000.00.0217,RESERVA BIOLÓGICA UNIÃO,CASIMIRO DE ABREU (RJ) - MACAÉ (RJ) - RIO DAS OSTRAS (RJ)
0000.00.0218,RESERVA DE DESENVOLVIMENTO SUSTENTÁVEL DE ITATUPÃ-BAQUIÁ,GURUPÁ (PA)
0000.00.0223,RESERVA EXTRATIVISTA CHOCOARÉ-MATO GROSSO,SANTARÉM NOVO (PA) - SÃO JOÃO DE PIRABAS (PA)
0000.00.0225,RESERVA EXTRATIVISTA MARINHA DO DELTA DO PARNAÍBA,ÁGUA DOCE DO MARANHÃO (MA) - ARAIOSES (MA) - ILHA GRANDE (PI)
0000.00.0227,RESERVA EXTRATIVISTA MARACANÃ,MARACANÃ (PA)
0000.00.0228,RESERVA EXTRATIVISTA DE SÃO JOÃO DA PONTA,SÃO JOÃO DA PONTA (PA)
0000.00.0231,RESERVA EXTRATIVISTA DO BATOQUE,AQUIRAZ (CE)
0000.00.0234,RESERVA EXTRATIVISTA MANDIRA,CANANÉIA (SP)
0000.00.0243,RESERVA EXTRATIVISTA MÃE GRANDE DE CURUÇÁ,CURUÇÁ (PA)
0000.00.0245,RESERVA EXTRATIVISTA MARINHA DA BAÍA DO IGUAPE,CACHOEIRA (BA) - MARAGOGIPE (BA) - SÃO FÉLIX (BA)
0000.00.0246,RESERVA EXTRATIVISTA MARINHA DA LAGOA DO JEQUIÁ,JEQUIÁ DA PRAIA (AL)
0000.00.0247,RESERVA EXTRATIVISTA MARINHA DE ARAÍ-PEROBA,AUGUSTO CORRÊA (PA) - VISEU (PA)
0000.00.0248,RESERVA EXTRATIVISTA MARINHA CAETÉ-TAPERAÇU,BRAGANÇA (PA)
0000.00.0249,RESERVA EXTRATIVISTA MARINHA DE GURUPI-PIRIÁ,VISEU (PA)
0000.00.0250,RESERVA EXTRATIVISTA MARINHA DE TRACUATEUA,TRACUATEUA (PA)
0000.00.0251,RESERVA EXTRATIVISTA MARINHA DO ARRAIAL DO CABO,ARARUAMA (RJ) - ARRAIAL DO CABO (RJ) - CABO FRIO (RJ)
0000.00.0252,RESERVA EXTRATIVISTA MARINHA DO CORUMBAU,PORTO SEGURO (BA) - PRADO (BA)
0000.00.0253,RESERVA EXTRATIVISTA DE CANAVIEIRAS,BELMONTE (BA) - CANAVIEIRAS (BA) - UNA (BA)
0000.00.0254,RESERVA EXTRATIVISTA MARINHA DE SOURE,SOURE (PA)
0000.00.0255,RESERVA EXTRATIVISTA MARINHA DO PIRAJUBAÉ,FLORIANÓPOLIS (SC)
0000.00.0263,ESTAÇÃO ECOLÓGICA DA GUANABARA,GUAPIMIRIM (RJ) - ITABORAÍ (RJ) - SÃO GONÇALO (RJ)
0000.00.0269,FLORESTA NACIONAL DO IBURA,LARANJEIRAS (SE) - NOSSA SENHORA DO SOCORRO (SE)
0000.00.0273,RESERVA EXTRATIVISTA ARIÓCA PRUANÃ,OEIRAS DO PARÁ (PA)
0000.00.0279,RESERVA EXTRATIVISTA DE CURURUPU,APICUM-AÇU (MA) - BACURI (MA) - CURURUPU (MA) - SERRANO DO MARANHÃO (MA)
0000.00.0282,RESERVA EXTRATIVISTA TERRA GRANDE-PRACUÚBA,CURRALINHO (PA) - SÃO SEBASTIÃO DA BOA VISTA (PA)
0000.00.0288,RESERVA EXTRATIVISTA GURUPÁ-MELGAÇO,GURUPÁ (PA) - MELGAÇO (PA)
0000.00.1045,RESERVA PARTICULAR DO PATRIMÔNIO NATURAL SÍTIO DO JACU,CARAGUATATUBA (SP)
0000.00.1053,RESERVA PARTICULAR DO PATRIMÔNIO NATURAL MORRO DO CURUSSU MIRIM,UBATUBA (SP)
0000.00.1065,RESERVA PARTICULAR DO PATRIMÔNIO NATURAL RESERVA RIZZIERI,SÃO SEBASTIÃO (SP)
0000.00.1070,RESERVA PARTICULAR DO PATRIMÔNIO NATURAL TOQUE TOQUE PEQUENO,SÃO SEBASTIÃO (SP)
0000.00.1075,RESERVA PARTICULAR DO PATRIMÔNIO NATURAL CARBOCLORO S/A,CUBATÃO (SP)
0000.00.1082,RESERVA PARTICULAR DO PATRIMÔNIO NATURAL NORMANDO TEDESCO,BALNEÁRIO CAMBORIÚ (SC)
0000.00.1083,RESERVA PARTICULAR DO PATRIMÔNIO NATURAL FAZENDA PALMITAL,ITAPOÁ (SC)
0000.00.1084,RESERVA PARTICULAR DO PATRIMÔNIO NATURAL RESERVA NATURAL MENINO DEUS,FLORIANÓPOLIS (SC)
0000.00.1094,RESERVA PARTICULAR DO PATRIMÔNIO NATURAL MORRO DA PALHA,SÃO FRANCISCO DO SUL (SC)
0000.00.1095,RESERVA PARTICULAR DO PATRIMÔNIO NATURAL MORRO DAS ARANHAS,FLORIANÓPOLIS (SC)
0000.00.1097,RESERVA PARTICULAR DO PATRIMÔNIO NATURAL CAETEZAL,JOINVILLE (SC)
0000.00.1100,RESERVA PARTICULAR DO PATRIMÔNIO NATURAL DO GUAXINIM,SÃO JOSÉ (SC)
0000.00.1101,RESERVA PARTICULAR DO PATRIMÔNIO NATURAL PASSARIM,PAULO LOPES (SC)
0000.00.1103,RESERVA PARTICULAR DO PATRIMÔNIO NATURAL RESERVA DO CAPÃO GRANDE,BARRA DO RIBEIRO (RS)
0000.00.1106,RESERVA PARTICULAR DO PATRIMÔNIO NATURAL RECANTO DO ROBALO,TORRES (RS)
0000.00.1113,RESERVA PARTICULAR DO PATRIMÔNIO NATURAL RESERVA PARTICULAR PROFESSOR DELMAR HARRY DOS REIS,VIAMÃO (RS)
0000.00.1114,RESERVA PARTICULAR DO PATRIMÔNIO NATURAL SAPUCAIA,MARAÚ (BA)
0000.00.1121,RESERVA PARTICULAR DO PATRIMÔNIO NATURAL PONTAL DA BARRA,PELOTAS (RS)
0000.00.1122,RESERVA PARTICULAR DO PATRIMÔNIO NATURAL CHACARA SANANDUVA,VIAMÃO (RS)
0000.00.1124,RESERVA PARTICULAR DO PATRIMÔNIO NATURAL ESTÂNCIA SANTA RITA,SANTA VITÓRIA DO PALMAR (RS)
0000.00.1125,RESERVA PARTICULAR DO PATRIMÔNIO NATURAL FARROUPILHA,VIAMÃO (RS)
0000.00.1137,RESERVA PARTICULAR DO PATRIMÔNIO NATURAL MATA ESTRELA,BAÍA FORMOSA (RN)
0000.00.1142,RESERVA PARTICULAR DO PATRIMÔNIO NATURAL GLEBA O SAQUINHO DE ITAPIRAPUÁ,ANGRA DOS REIS (RJ)
0000.00.1143,RESERVA PARTICULAR DO PATRIMÔNIO NATURAL FAZENDA SANTA IZABEL,MANGARATIBA (RJ)
0000.00.1146,RESERVA PARTICULAR DO PATRIMÔNIO NATURAL RESERVA ECOLÓGICA METODISTA ANA GONZAGA - CEMAG,RIO DE JANEIRO (RJ)
0000.00.1148,RESERVA PARTICULAR DO PATRIMÔNIO NATURAL MATO GROSSO,SAQUAREMA (RJ)
0000.00.1149,RESERVA PARTICULAR DO PATRIMÔNIO NATURAL QUERÊNCIA,MAGÉ (RJ)
0000.00.1153,RESERVA PARTICULAR DO PATRIMÔNIO NATURAL SÍTIO ANGABA,ITAGUAÍ (RJ)
0000.00.1155,RESERVA PARTICULAR DO PATRIMÔNIO NATURAL FAZENDA CÓRREGO DA LUZ,CASIMIRO DE ABREU (RJ)
0000.00.1156,RESERVA PARTICULAR DO PATRIMÔNIO NATURAL FAZENDA CACHOEIRINHA,MANGARATIBA (RJ)
0000.00.1160,RESERVA PARTICULAR DO PATRIMÔNIO NATURAL EL NAGUAL,MAGÉ (RJ)
0000.00.1161,RESERVA PARTICULAR DO PATRIMÔNIO NATURAL CÉU DO MAR,RIO DE JANEIRO (RJ)
0000.00.1168,RESERVA PARTICULAR DO PATRIMÔNIO NATURAL RESERVA PORANGABA,ITAGUAÍ (RJ)
0000.00.1173,RESERVA PARTICULAR DO PATRIMÔNIO NATURAL SÍTIO PORANGA,ITAGUAÍ (RJ)
0000.00.1175,RESERVA PARTICULAR DO PATRIMÔNIO NATURAL SÍTIO GRANJA SÃO JORGE,RIO DE JANEIRO (RJ)
0000.00.1179,RESERVA PARTICULAR DO PATRIMÔNIO NATURAL CEC/TINGUÁ,NOVA IGUAÇU (RJ)
0000.00.1182,RESERVA PARTICULAR DO PATRIMÔNIO NATURAL PRIMAVERA I,PRADO (BA)
0000.00.1184,RESERVA PARTICULAR DO PATRIMÔNIO NATURAL SALTO MORATO,GUARAQUEÇABA (PR)
0000.00.1189,RESERVA PARTICULAR DO PATRIMÔNIO NATURAL SÍTIO DO BANANAL,MORRETES (PR)
0000.00.1201,RESERVA PARTICULAR DO PATRIMÔNIO NATURAL NOSSA SENHORA DO OITEIRO DE MARACAÍPE,IPOJUCA (PE)
0000.00.1206,RESERVA PARTICULAR DO PATRIMÔNIO NATURAL ENGENHO GARGAÚ,SANTA RITA (PB)
0000.00.1213,RESERVA PARTICULAR DO PATRIMÔNIO NATURAL SUMAÚMA,BARCARENA (PA)
0000.00.1239,RESERVA PARTICULAR DO PATRIMÔNIO NATURAL FAZENDA SANTA HELENA,SÃO BENTO DO NORTE (RN)
0000.00.1316,RESERVA PARTICULAR DO PATRIMÔNIO NATURAL AMOREIRA,ROSÁRIO (MA)
0000.00.1319,RESERVA PARTICULAR DO PATRIMÔNIO NATURAL ILHA DO CAJU,ARAIOSES (MA)
0000.00.1320,RESERVA PARTICULAR DO PATRIMÔNIO NATURAL FAZENDA BOA ESPERANÇA,SÃO LUÍS (MA)
0000.00.1322,RESERVA PARTICULAR DO PATRIMÔNIO NATURAL ESTÂNCIA PEDREIRAS,SÃO LUÍS (MA)
0000.00.1323,RESERVA PARTICULAR DO PATRIMÔNIO NATURAL SÍTIO JAQUAREMA,SÃO JOSÉ DE RIBAMAR (MA)
0000.00.1324,RESERVA PARTICULAR DO PATRIMÔNIO NATURAL JAGUAREMA,SÃO LUÍS (MA)
0000.00.1371,RESERVA PARTICULAR DO PATRIMÔNIO NATURAL FAZENDA SAYONARA,CONCEIÇÃO DA BARRA (ES)
0000.00.1379,RESERVA PARTICULAR DO PATRIMÔNIO NATURAL SÍTIO AMEIXAS - POÇO VELHO,ITAPIPOCA (CE)
0000.00.1384,RESERVA PARTICULAR DO PATRIMÔNIO NATURAL MERCÊS SABIAQUABA E NAZÁRIO,AMONTADA (CE)
0000.00.1394,RESERVA PARTICULAR DO PATRIMÔNIO NATURAL FAZENDA LONTRA/SAUDADE,ITANAGRA (BA)
0000.00.1401,RESERVA PARTICULAR DO PATRIMÔNIO NATURAL FAZENDA AVAÍ,CARAVELAS (BA)
0000.00.1403,RESERVA PARTICULAR DO PATRIMÔNIO NATURAL RIO CAPITÃO,ITACARÉ (BA)
0000.00.1404,RESERVA PARTICULAR DO PATRIMÔNIO NATURAL CAJUEIRO,ESPLANADA (BA)
0000.00.1405,RESERVA PARTICULAR DO PATRIMÔNIO NATURAL DUNAS DE SANTO ANTÔNIO,MATA DE SÃO JOÃO (BA)
0000.00.1406,RESERVA PARTICULAR DO PATRIMÔNIO NATURAL RESERVA DA PENINHA,CACHOEIRA (BA)
0000.00.1407,RESERVA PARTICULAR DO PATRIMÔNIO NATURAL SÃO JOQUIM DA CABONHA APA I E APA II,CACHOEIRA (BA)
0000.00.1409,RESERVA PARTICULAR DO PATRIMÔNIO NATURAL FAZENDA PANEMA,SÃO SEBASTIÃO DO PASSÉ (BA)
0000.00.1412,RESERVA PARTICULAR DO PATRIMÔNIO NATURAL SALTO APEPIQUE,ILHÉUS (BA)
0000.00.1413,RESERVA PARTICULAR DO PATRIMÔNIO NATURAL ARAÇARI,ITACARÉ (BA)
0000.00.1416,RESERVA PARTICULAR DO PATRIMÔNIO NATURAL FAZENDA ÁGUA BRANCA,VALENÇA (BA)
0000.00.1418,RESERVA PARTICULAR DO PATRIMÔNIO NATURAL FAZENDA COQUEIROS,SIMÕES FILHO (BA)
0000.00.1419,RESERVA PARTICULAR DO PATRIMÔNIO NATURAL ECOPARQUE DE UNA,UNA (BA)
0000.00.1420,RESERVA PARTICULAR DO PATRIMÔNIO NATURAL DAS DUNAS,CAMAÇARI (BA)
0000.00.1425,RESERVA PARTICULAR DO PATRIMÔNIO NATURAL FAZENDA ARARAUNA,UNA (BA)
0000.00.1426,RESERVA PARTICULAR DO PATRIMÔNIO NATURAL LAGOA DO PEIXE,CARAVELAS (BA)
0000.00.1427,RESERVA PARTICULAR DO PATRIMÔNIO NATURAL JUERANA,MARAÚ (BA)
0000.00.1428,RESERVA PARTICULAR DO PATRIMÔNIO NATURAL FAZENDA PARAÍSO,URUÇUCA (BA)
0000.00.1429,RESERVA PARTICULAR DO PATRIMÔNIO NATURAL FAZENDA SÃO JOÃO,ILHÉUS (BA)
0000.00.1430,RESERVA PARTICULAR DO PATRIMÔNIO NATURAL PEDRA DO SABIÁ,ITACARÉ (BA)
0000.00.1431,RESERVA PARTICULAR DO PATRIMÔNIO NATURAL CARROULA,PRADO (BA)
0000.00.1432,RESERVA PARTICULAR DO PATRIMÔNIO NATURAL AGDA,POJUCA (BA)
0000.00.1433,RESERVA PARTICULAR DO PATRIMÔNIO NATURAL MÃE DA MATA,ILHÉUS (BA)
0000.00.1434,RESERVA PARTICULAR DO PATRIMÔNIO NATURAL FAZENDA ARTE VERDE,ILHÉUS (BA)
0000.00.1435,RESERVA PARTICULAR DO PATRIMÔNIO NATURAL DA MATA ATLÂNTICA DA MANONA,PORTO SEGURO (BA)
0000.00.1438,RESERVA PARTICULAR DO PATRIMÔNIO NATURAL FAZENDA SOSSEGO,URUÇUCA (BA)
0000.00.1441,RESERVA PARTICULAR DO PATRIMÔNIO NATURAL RETIRO PARAÍSO,MACAPÁ (AP)
0000.00.1443,RESERVA PARTICULAR DO PATRIMÔNIO NATURAL LOTE URBANO,SANTANA (AP)
0000.00.1444,RESERVA PARTICULAR DO PATRIMÔNIO NATURAL ALDEIA EKINOX,MACAPÁ (AP)
0000.00.1460,RESERVA PARTICULAR DO PATRIMÔNIO NATURAL RESERVA SANTA TEREZA,ATALAIA (AL)
0000.00.1461,RESERVA PARTICULAR DO PATRIMÔNIO NATURAL LULA LOBO I,CORURIPE (AL)
0000.00.1462,RESERVA PARTICULAR DO PATRIMÔNIO NATURAL FAZENDA SÃO PEDRO,PILAR (AL)
0000.00.1464,RESERVA PARTICULAR DO PATRIMÔNIO NATURAL FAZENDA ROSA DO SOL,BARRA DE SÃO MIGUEL (AL)
0000.00.1518,RESERVA EXTRATIVISTA DO RIO CAJARI,LARANJAL DO JARI (AP) - MAZAGÃO (AP) - VITÓRIA DO JARI (AP)
0000.00.1520,RESERVA EXTRATIVISTA DO QUILOMBO FLEXAL,MIRINZAL (MA)
0000.00.1563,RESERVA EXTRATIVISTA ACAÚ-GOIANA,CAAPORÃ (PB) - GOIANA (PE) - PITIMBU (PB)
0000.00.1808,RESERVA EXTRATIVISTA DE CASSURUBÁ,ALCOBAÇA (BA) - CARAVELAS (BA) - NOVA VIÇOSA (BA)
0000.00.1809,RESERVA EXTRATIVISTA PRAINHA DO CANTO VERDE,BEBERIBE (CE)
0000.00.1813,REFÚGIO DE VIDA SILVESTRE DO RIO DOS FRADES,PORTO SEGURO (BA)
0000.00.1880,REFÚGIO DE VIDA SILVESTRE DE UNA,UNA (BA)
0000.00.1909,PARQUE NACIONAL DA SERRA DAS LONTRAS,ARATACA (BA) - SÃO JOSÉ DA VITÓRIA (BA) - UNA (BA)
0000.00.1911,REFÚGIO DE VIDA SILVESTRE DE SANTA CRUZ,ARACRUZ (ES) - FUNDÃO (ES) - SERRA (ES)
0000.00.1912,ÁREA DE PROTEÇÃO AMBIENTAL COSTA DAS ALGAS,ARACRUZ (ES) - FUNDÃO (ES) - SERRA (ES)
0000.00.2070,RESERVA PARTICULAR DO PATRIMÔNIO NATURAL BOA UNIÃO,ILHÉUS (BA)
0000.00.2071,RESERVA PARTICULAR DO PATRIMÔNIO NATURAL BOM SOSSEGO II,PORTO SEGURO (BA)
0000.00.2072,RESERVA PARTICULAR DO PATRIMÔNIO NATURAL BOM SOSSEGO III,PORTO SEGURO (BA)
0000.00.2077,RESERVA PARTICULAR DO PATRIMÔNIO NATURAL CAHY,PRADO (BA)
0000.00.2081,RESERVA PARTICULAR DO PATRIMÔNIO NATURAL CAPÃO REDONDO,BALNEÁRIO ARROIO DO SILVA (SC)
0000.00.2087,RESERVA PARTICULAR DO PATRIMÔNIO NATURAL CURIÓ,SÃO SEBASTIÃO DO PASSÉ (BA)
0000.00.2095,RESERVA PARTICULAR DO PATRIMÔNIO NATURAL DO CAJU,ITAPORANGA D'AJUDA (SE)
0000.00.2096,RESERVA PARTICULAR DO PATRIMÔNIO NATURAL FAZENDA PEREIRA,CORURIPE (AL)
0000.00.2097,RESERVA PARTICULAR DO PATRIMÔNIO NATURAL DONA BENTA E SEU CABOCLO,PIRAMBU (SE)
0000.00.2101,RESERVA PARTICULAR DO PATRIMÔNIO NATURAL ESTAÇÃO VERACEL,PORTO SEGURO (BA)
0000.00.2107,RESERVA PARTICULAR DO PATRIMÔNIO NATURAL FAZENDA DO TANGUÁ,ANGRA DOS REIS (RJ)
0000.00.2115,RESERVA PARTICULAR DO PATRIMÔNIO NATURAL FLOR DO NORTE I,PRADO (BA)
0000.00.2116,RESERVA PARTICULAR DO PATRIMÔNIO NATURAL FLOR DO NORTE II,PRADO (BA)
0000.00.2119,RESERVA PARTICULAR DO PATRIMÔNIO NATURAL HELICO,ILHÉUS (BA)
0000.00.2124,RESERVA PARTICULAR DO PATRIMÔNIO NATURAL JACUBA VELHA,PORTO SEGURO (BA)
0000.00.2129,RESERVA PARTICULAR DO PATRIMÔNIO NATURAL KLAGESI,SANTO ANTÔNIO DO TAUÁ (PA)
0000.00.2134,"RESERVA PARTICULAR DO PATRIMÔNIO NATURAL MATA 01 (BOM JARDIM) E MATA 02,03 E 04 (TAPERA)",SANTA LUZIA DO ITANHY (SE)
0000.00.2135,RESERVA PARTICULAR DO PATRIMÔNIO NATURAL MATA 01 E 02 (MARINHEIRO) E MATA 03 (PEDRA DA URÇA),SANTA LUZIA DO ITANHY (SE)
0000.00.2137,RESERVA PARTICULAR DO PATRIMÔNIO NATURAL MATA DO PROFESSOR BAPTISTA,DOM PEDRO DE ALCÂNTARA (RS)
0000.00.2139,RESERVA PARTICULAR DO PATRIMÔNIO NATURAL MATUMBO,CASIMIRO DE ABREU (RJ)
0000.00.2145,RESERVA PARTICULAR DO PATRIMÔNIO NATURAL OLHO-DE-FOGO-RENDADO,SÃO SEBASTIÃO DO PASSÉ (BA)
0000.00.2147,RESERVA PARTICULAR DO PATRIMÔNIO NATURAL OURO VERDE,IGRAPIÚNA (BA)
0000.00.2152,RESERVA PARTICULAR DO PATRIMÔNIO NATURAL PERNA DO PIRATA,MORRETES (PR)
0000.00.2153,RESERVA PARTICULAR DO PATRIMÔNIO NATURAL PORTAL CURUPIRA,PORTO SEGURO (BA)
0000.00.2157,RESERVA PARTICULAR DO PATRIMÔNIO NATURAL PRIMAVERA,PRADO (BA)
0000.00.2162,RESERVA PARTICULAR DO PATRIMÔNIO NATURAL RESERVA CAPITÃO,ITACARÉ (BA)
0000.00.2182,RESERVA PARTICULAR DO PATRIMÔNIO NATURAL RESERVA MARIA VICENTINI LOPES,BELMONTE (BA)
0000.00.2187,RESERVA PARTICULAR DO PATRIMÔNIO NATURAL RESERVA SÃO JOSÉ,ILHÉUS (BA)
0000.00.2190,RESERVA PARTICULAR DO PATRIMÔNIO NATURAL RESERVA TERRAVISTA I,PORTO SEGURO (BA)
0000.00.2191,RESERVA PARTICULAR DO PATRIMÔNIO NATURAL RESERVA TERRAVISTA II,PORTO SEGURO (BA)
0000.00.2194,RESERVA PARTICULAR DO PATRIMÔNIO NATURAL RIACHO DAS PEDRAS,PRADO (BA)
0000.00.2196,RESERVA PARTICULAR DO PATRIMÔNIO NATURAL RIO DO BRASIL I,PORTO SEGURO (BA)
0000.00.2197,RESERVA PARTICULAR DO PATRIMÔNIO NATURAL RIO DO BRASIL II,PORTO SEGURO (BA)
0000.00.2198,RESERVA PARTICULAR DO PATRIMÔNIO NATURAL RIO DO BRASIL III,PORTO SEGURO (BA)
0000.00.2199,RESERVA PARTICULAR DO PATRIMÔNIO NATURAL RIO DO BRASIL IV,PORTO SEGURO (BA)
0000.00.2200,RESERVA PARTICULAR DO PATRIMÔNIO NATURAL RIO DO BRASIL V,PORTO SEGURO (BA)
0000.00.2202,RESERVA PARTICULAR DO PATRIMÔNIO NATURAL RIO JARDIM,PORTO SEGURO (BA)
0000.00.2207,RESERVA PARTICULAR DO PATRIMÔNIO NATURAL SANTA MARIA I,PRADO (BA)
0000.00.2208,RESERVA PARTICULAR DO PATRIMÔNIO NATURAL SANTA MARIA II,PRADO (BA)
0000.00.2209,RESERVA PARTICULAR DO PATRIMÔNIO NATURAL SANTA MARIA III,PRADO (BA)
0000.00.2215,RESERVA PARTICULAR DO PATRIMÔNIO NATURAL SÍTIO SUMIDOURO E SÍTIO PEITO DE POMBA,MACAÉ (RJ)
0000.00.2221,RESERVA PARTICULAR DO PATRIMÔNIO NATURAL TRÊS MORROS,CASIMIRO DE ABREU (RJ)
0000.00.2223,RESERVA PARTICULAR DO PATRIMÔNIO NATURAL TRIÂNGULO,PRADO (BA)
0000.00.2225,RESERVA PARTICULAR DO PATRIMÔNIO NATURAL TUIM,ITUBERÁ (BA)
0000.00.2310,RESERVA PARTICULAR DO PATRIMÔNIO NATURAL FAZENDA BARRA DO SANA,MACAÉ (RJ)
0000.00.2311,RESERVA PARTICULAR DO PATRIMÔNIO NATURAL RESERVA ECOLÓGICA SEBUÍ,GUARAQUEÇABA (PR)
0000.00.2633,PARQUE NACIONAL DA FURNA FEIA,BARAÚNA (RN) - MOSSORÓ (RN)
0000.00.2634,RESERVA BIOLÓGICA BOM JESUS,ANTONINA (PR) - GUARAQUEÇABA (PR) - PARANAGUÁ (PR)
0000.00.2702,RESERVA PARTICULAR DO PATRIMÔNIO NATURAL GRACIOSA,MORRETES (PR)
0000.00.2705,RESERVA PARTICULAR DO PATRIMÔNIO NATURAL MORRO GRANDE,CASIMIRO DE ABREU (RJ)
0000.00.2716,RESERVA PARTICULAR DO PATRIMÔNIO NATURAL PASSARIM II,PAULO LOPES (SC)
0000.00.2740,RESERVA PARTICULAR DO PATRIMÔNIO NATURAL LAGOA ENCANTADA DO MORRO DA LUCRÉCIA,PIRAMBU (SE)
0000.00.2874,PARQUE NACIONAL MARINHO DAS ILHAS DOS CURRAIS,PONTAL DO PARANÁ (PR)
0000.00.3066,RESERVA PARTICULAR DO PATRIMÔNIO NATURAL MATA DO GUIGO,CATU (BA)
0000.00.3067,RESERVA PARTICULAR DO PATRIMÔNIO NATURAL GUANANDI,ILHÉUS (BA)
0000.00.3068,RESERVA PARTICULAR DO PATRIMÔNIO NATURAL RIO DA BARRA,PORTO SEGURO (BA)
0000.00.3076,RESERVA PARTICULAR DO PATRIMÔNIO NATURAL CANTO DO SENHOR,URUÇUCA (BA)
0000.00.3080,RESERVA PARTICULAR DO PATRIMÔNIO NATURAL ILHA ENCANTADA,ARACATI (CE)
0000.00.3087,RESERVA PARTICULAR DO PATRIMÔNIO NATURAL PRATA,BARREIRINHAS (MA)
0000.00.3132,RESERVA EXTRATIVISTA MARINHA MOCAPAJUBA,SÃO CAETANO DE ODIVELAS (PA)
0000.00.3133,RESERVA EXTRATIVISTA MARINHA MESTRE LUCINDO,MARAPANIM (PA)
0000.00.3134,RESERVA EXTRATIVISTA MARINHA CUINARANA,MAGALHÃES BARATA (PA)
0000.00.3137,PARQUE NACIONAL GUARICANA,GUARATUBA (PR) - MORRETES (PR) - SÃO JOSÉ DOS PINHAIS (PR)
0000.00.3432,REFÚGIO DE VIDA SILVESTRE DO ARQUIPÉLAGO DE ALCATRAZES,SÃO SEBASTIÃO (SP)
0000.00.3633,ÁREA DE PROTEÇÃO AMBIENTAL DO ARQUIPÉLAGO DE TRINDADE E MARTIM VAZ,VITÓRIA (ES)
0000.00.3642,MONUMENTO NATURAL DAS ILHAS DE TRINDADE E MARTIM VAZ E DO MONTE COLÚMBIA,VITÓRIA (ES)
0000.00.3643,ÁREA DE PROTEÇÃO AMBIENTAL DO ARQUIPÉLAGO DE SÃO PEDRO E SÃO PAULO,NATAL (RN)
0000.00.3644,MONUMENTO NATURAL DO ARQUIPÉLAGO DE SÃO PEDRO E SÃO PAULO,NATAL (RN)
0000.00.3651,RESERVA EXTRATIVISTA ITAPETININGA,BEQUIMÃO (MA)
0000.00.3653,RESERVA EXTRATIVISTA DA BAÍA DO TUBARÃO,HUMBERTO DE CAMPOS (MA) - ICATU (MA)
0000.00.3654,RESERVA EXTRATIVISTA ARAPIRANGA-TROMAÍ,CARUTAPERA (MA) - LUÍS DOMINGUES (MA)
0000.00.3658,RESERVA PARTICULAR DO PATRIMÔNIO NATURAL RESERVA VOLTA VELHA - PE. PIET VAN DER AART,ITAPOÁ (SC)
0000.00.3660,RESERVA PARTICULAR DO PATRIMÔNIO NATURAL BRAVA BEACH INTERNACIONAL,ITAJAÍ (SC)
0000.00.3664,RESERVA PARTICULAR DO PATRIMÔNIO NATURAL DAS ÁGUAS E DAS MATAS,TAPEROÁ (BA)
0000.00.3666,RESERVA PARTICULAR DO PATRIMÔNIO NATURAL RESERVA MATO GROSSO,TAPEROÁ (BA)
0000.00.3667,RESERVA PARTICULAR DO PATRIMÔNIO NATURAL JUERANA MILAGROSA,URUÇUCA (BA)
0000.00.3668,RESERVA PARTICULAR DO PATRIMÔNIO NATURAL DAS NASCENTES,TAPEROÁ (BA)
0000.00.3673,RESERVA PARTICULAR DO PATRIMÔNIO NATURAL JARDIM DOS BEIJA-FLORES,PAULO LOPES (SC)
0000.00.3683,RESERVA PARTICULAR DO PATRIMÔNIO NATURAL RIO VERMELHO,FLORIANÓPOLIS (SC)
0000.00.3687,RESERVA PARTICULAR DO PATRIMÔNIO NATURAL DUNAS DOURADAS,EXTREMOZ (RN)
0000.00.4470,RESERVA PARTICULAR DO PATRIMÔNIO NATURAL PEDRA DO SÃO JOSÉ II,ESPLANADA (BA)
0000.00.4481,RESERVA PARTICULAR DO PATRIMÔNIO NATURAL FLORESTA ENCANTADA,ITACARÉ (BA)
0000.00.4491,RESERVA PARTICULAR DO PATRIMÔNIO NATURAL MATA DA BELA,BAÍA FORMOSA (RN)
0000.00.4492,RESERVA PARTICULAR DO PATRIMÔNIO NATURAL SÍTIO PAIQUERÊ,NOVA IGUAÇU (RJ)
0000.00.4504,RESERVA PARTICULAR DO PATRIMÔNIO NATURAL JATAIPEBA,NILO PEÇANHA (BA)
0000.00.4506,RESERVA PARTICULAR DO PATRIMÔNIO NATURAL ELDORADO,SAQUAREMA (RJ)
0000.00.4510,RESERVA PARTICULAR DO PATRIMÔNIO NATURAL FAZENDA BELÉM,ICAPUÍ (CE)
0000.00.4517,RESERVA PARTICULAR DO PATRIMÔNIO NATURAL ENCONTRO DAS ÁGUAS,PARANAGUÁ (PR)
0000.00.4525,RESERVA PARTICULAR DO PATRIMÔNIO NATURAL MORRO DOS ZIMBROS,PORTO BELO (SC)
0000.00.4777,RESERVA EXTRATIVISTA FILHOS DO MANGUE,PRIMAVERA (PA) - QUATIPURU (PA) - SÃO JOÃO DE PIRABAS (PA) - TRACUATEUA (PA)
0000.00.4780,RESERVA EXTRATIVISTA VIRIANDEUA,QUATIPURU (PA) - SALINÓPOLIS (PA) - SÃO JOÃO DE PIRABAS (PA)
0000.15.1023,ÁREA DE PROTEÇÃO AMBIENTAL DO ARQUIPÉLAGO DO MARAJÓ,AFUÁ (PA) - ANAJÁS (PA) - BREVES (PA) - CACHOEIRA DO ARARI (PA) - CHAVES (PA) - CURRALINHO (PA) - MUANÁ (PA) - SALVATERRA (PA) - SANTA CRUZ DO ARARI (PA) - SÃO SEBASTIÃO DA BOA VISTA (PA) - SOURE (PA)
0000.15.1024,ÁREA DE PROTEÇÃO AMBIENTAL DE ALGODOAL-MAIANDEUA,MARACANÃ (PA)
0000.15.1025,ÁREA DE PROTEÇÃO AMBIENTAL DA REGIÃO METROLPOLITANA DE BELÉM,ANANINDEUA (PA) - BELÉM (PA)
0000.15.1027,ÁREA DE PROTEÇÃO AMBIENTAL DA ILHA DO COMBU,BELÉM (PA)
0000.15.1881,REFÚGIO DE VIDA SILVESTRE METRÓPOLE DA AMAZÔNIA,ANANINDEUA (PA) - BENEVIDES (PA) - MARITUBA (PA) - SANTA IZABEL DO PARÁ (PA)
0000.15.2042,PARQUE ESTADUAL CHARAPUCU,AFUÁ (PA)
0000.15.3479,REFÚGIO DE VIDA SILVESTRE PADRE SÉRGIO TONETTO,MARACANÃ (PA)
0000.15.3481,RESERVA DE DESENVOLVIMENTO SUSTENTÁVEL CAMPO DAS MANGABAS,MARACANÃ (PA)
0000.15.3828,MONUMENTO NATURAL ATALAIA,SALINÓPOLIS (PA)
0000.16.0291,RESERVA BIOLÓGICA DO PARAZINHO,MACAPÁ (AP)
0000.16.0292,RESERVA DE DESENVOLVIMENTO SUSTENTÁVEL DO RIO IRATAPURU,LARANJAL DO JARI (AP) - MAZAGÃO (AP) - PEDRA BRANCA DO AMAPARI (AP)
0000.16.0293,ÁREA DE PROTEÇÃO AMBIENTAL DO RIO CURIAÚ,MACAPÁ (AP)
0000.16.0885,FLORESTA ESTADUAL DO AMAPÁ,AMAPÁ (AP) - CALÇOENE (AP) - FERREIRA GOMES (AP) - MAZAGÃO (AP) - OIAPOQUE (AP) - PORTO GRANDE (AP) - PRACUÚBA (AP) - SERRA DO NAVIO (AP) - TARTARUGALZINHO (AP)
0000.16.0886,ÁREA DE PROTEÇÃO AMBIENTAL DA FAZENDINHA,MACAPÁ (AP)
0000.21.1882,PARQUE ESTADUAL DO BACANGA,SÃO LUÍS (MA)
0000.21.1885,ÁREA DE PROTEÇÃO AMBIENTAL DAS REENTRÂNCIAS MARANHENSES,ALCÂNTARA (MA) - BACURI (MA) - BEQUIMÃO (MA) - CÂNDIDO MENDES (MA) - CARUTAPERA (MA) - CEDRAL (MA) - CURURUPU (MA) - GODOFREDO VIANA (MA) - GUIMARÃES (MA) - LUÍS DOMINGUES (MA) - MIRINZAL (MA) - TURIAÇU (MA)
0000.21.1886,PARQUE ESTADUAL MARINHO DO PARCEL DE MANUEL LUÍS,CURURUPU (MA)
0000.21.1887,ÁREA DE PROTEÇÃO AMBIENTAL DA BAIXADA MARANHENSE,ANAJATUBA (MA) - BEQUIMÃO (MA) - CAJARI (MA) - LAGO VERDE (MA) - MAFRA (SC) - MATINHA (MA) - MIRINZAL (MA) - MONÇÃO (MA) - OLHO D'ÁGUA DAS CUNHÃS (MA) - PALMEIRÂNDIA (MA) - PENALVA (MA) - PERI MIRIM (MA) - PINDARÉ-MIRIM (MA) - PINHEIRO (MA) - PIO XII (MA) - SANTA HELENA (MA) - SÃO BENTO (MA) - SÃO MATEUS DO MARANHÃO (MA) - SÃO VICENTE FERRER (MA) - UNIÃO (PI) - VIANA (MA) - VITÓRIA DO MEARIM (MA)
0000.21.1888,ÁREA DE PROTEÇÃO AMBIENTAL DE UPAON-AÇU / MIRITIBA / ALTO PREGUIÇAS,AXIXÁ (MA) - BARREIRINHAS (MA) - HUMBERTO DE CAMPOS (MA) - ICATU (MA) - MORROS (MA) - PAÇO DO LUMIAR (MA) - PRESIDENTE JUSCELINO (MA) - PRIMEIRA CRUZ (MA) - RAPOSA (MA) - ROSÁRIO (MA) - SANTA QUITÉRIA DO MARANHÃO (MA) - SANTA RITA (MA) - SÃO BENEDITO DO RIO PRETO (MA) - SÃO BERNARDO (MA) - SÃO JOSÉ DE RIBAMAR (MA) - SÃO LUÍS (MA) - URBANO SANTOS (MA)
0000.21.1889,ÁREA DE PROTEÇÃO AMBIENTAL DA FOZ DO RIO DAS PREGUIÇAS - PEQUENOS LENÇÓIS - REGIÃO LAGUNAR ADJACENTE,ÁGUA DOCE DO MARANHÃO (MA) - ARAIOSES (MA) - BARREIRINHAS (MA) - TUTÓIA (MA)
0000.21.1890,ÁREA DE PROTEÇÃO AMBIENTAL DO ITAPIRACÓ,SÃO JOSÉ DE RIBAMAR (MA) - SÃO LUÍS (MA)
0000.21.1891,PARQUE ESTADUAL DO SÍTIO DO RANGEDOR,SÃO LUÍS (MA)
0000.21.1893,ÁREA DE PROTEÇÃO AMBIENTAL DA REGIÃO DO MARACANÃ,SÃO LUÍS (MA)
0000.21.3543,PARQUE ESTADUAL MARINHO BANCO DO TAROL,CURURUPU (MA)
0000.21.3544,PARQUE ESTADUAL MARINHO BANCO DO ÁLVARO,CURURUPU (MA)
0000.22.4801,ÁREA DE RELEVANTE INTERESSE ECOLÓGICO DA LAGOA DO PORTINHO,LUÍS CORREIA (PI) - PARNAÍBA (PI)
0000.22.4809,MONUMENTO NATURAL ESTADUAL DAS ITANS,CAJUEIRO DA PRAIA (PI)
0000.23.0947,PARQUE ESTADUAL MARINHO DA PEDRA DA RISCA DO MEIO,FORTALEZA (CE)
0000.23.0949,ÁREA DE PROTEÇÃO AMBIENTAL DO LAGAMAR DO CAUIPE,CAUCAIA (CE)
0000.23.0950,ÁREA DE PROTEÇÃO AMBIENTAL DAS DUNAS DO LITORAL OESTE,PARACURU (CE) - SÃO GONÇALO DO AMARANTE (CE)
0000.23.0951,ÁREA DE PROTEÇÃO AMBIENTAL DO ESTUÁRIO DO RIO CEARÁ,CAUCAIA (CE) - FORTALEZA (CE)
0000.23.0952,ESTAÇÃO ECOLÓGICA DO PÉCEM,CAUCAIA (CE) - SÃO GONÇALO DO AMARANTE (CE)
0000.23.0953,ÁREA DE PROTEÇÃO AMBIENTAL DA LAGOA DO URUAÚ,BEBERIBE (CE)
0000.23.0955,ÁREA DE PROTEÇÃO AMBIENTAL DO ESTUÁRIO DO RIO CURU,PARACURU (CE) - PARAIPABA (CE)
0000.23.0956,ÁREA DE PROTEÇÃO AMBIENTAL DO ESTUÁRIO DO RIO MUNDAÚ,ITAPIPOCA (CE) - TRAIRI (CE)
0000.23.0957,ÁREA DE PROTEÇÃO AMBIENTAL DAS DUNAS DE PARACURU,PARACURU (CE)
0000.23.0958,ÁREA DE PROTEÇÃO AMBIENTAL DAS DUNAS DA LAGOINHA,PARAIPABA (CE)
0000.23.0959,ÁREA DE PROTEÇÃO AMBIENTAL DO RIO PACOTI,AQUIRAZ (CE) - EUSÉBIO (CE) - FORTALEZA (CE)
0000.23.0961,MONUMENTO NATURAL DAS FALÉSIAS DE BEBERIBE,BEBERIBE (CE)
0000.23.0962,ÁREA DE PROTEÇÃO AMBIENTAL DA LAGOA DA JIJOCA,CRUZ (CE) - JIJOCA DE JERICOACOARA (CE)
0000.23.0963,PARQUE ESTADUAL DO COCÓ,FORTALEZA (CE) - ITAITINGA (CE) - MARACANAÚ (CE) - PACATUBA (CE)
0000.23.1931,PARQUE ESTADUAL BOTÂNICO DO CEARÁ,CAUCAIA (CE)
0000.23.1932,ÁREA DE RELEVANTE INTERESSE ECOLÓGICO DO SÍTIO CURIÓ,FORTALEZA (CE)
0000.23.3807,ÁREA DE RELEVANTE INTERESSE ECOLÓGICO DO CAMBEBA,FORTALEZA (CE)
0000.23.4275,RESERVA PARTICULAR DO PATRIMÔNIO NATURAL AQUIRAZ RIVIERA,AQUIRAZ (CE)
0000.23.4278,ÁREA DE PROTEÇÃO AMBIENTAL DO RIO MARANGUAPINHO,FORTALEZA (CE) - MARACANAÚ (CE) - MARANGUAPE (CE)
0000.23.4640,ÁREA DE PROTEÇÃO AMBIENTAL BERÇÁRIOS DA VIDA MARINHA,ICAPUÍ (CE)
0000.23.4866,PARQUE ESTADUAL DAS ÁGUAS,AQUIRAZ (CE) - GUAIÚBA (CE) - HORIZONTE (CE) - ITAITINGA (CE) - PACAJUS (CE) - PACATUBA (CE)
0000.23.4867,ÁREA DE PROTEÇÃO AMBIENTAL DA LAGOA DA PRECABURA,EUSÉBIO (CE) - FORTALEZA (CE)
0000.24.1468,RESERVA DE DESENVOLVIMENTO SUSTENTÁVEL ESTADUAL PONTA DO TUBARÃO,GUAMARÉ (RN) - MACAU (RN)
0000.24.1469,ÁREA DE PROTEÇÃO AMBIENTAL DOS RECIFES DE CORAIS,MAXARANGUAPE (RN) - RIO DO FOGO (RN) - TOUROS (RN)
0000.24.1470,AREA DE PROTEÇÃO AMBIENTAL DE JENIPABU,EXTREMOZ (RN) - NATAL (RN)
0000.24.1471,ÁREA DE PROTEÇÃO AMBIENTAL BONFIM/GUARAÍRA,ARÊS (RN) - GOIANINHA (RN) - NÍSIA FLORESTA (RN) - SÃO JOSÉ DE MIPIBU (RN) - SENADOR GEORGINO AVELINO (RN) - TIBAU DO SUL (RN)
0000.24.1472,ÁREA DE PROTEÇÃO AMBIENTAL PIQUIRI-UNA,CANGUARETAMA (RN) - ESPÍRITO SANTO (RN) - PEDRO VELHO (RN)
0000.24.1473,PARQUE ESTADUAL MATA DA PIPA,TIBAU DO SUL (RN)
0000.24.1475,"PARQUE ESTADUAL DUNAS DE NATAL "" JORNALISTA LUIZ MARIA ALVES",NATAL (RN)
0000.24.4031,ÁREA DE PROTEÇÃO AMBIENTAL DUNAS DO ROSADO,AREIA BRANCA (RN) - PORTO DO MANGUE (RN)
0000.24.4947,RESERVA PARTICULAR DO PATRIMÔNIO NATURAL CHÁCARA DO MADEIRO,TIBAU DO SUL (RN)
0000.25.0484,PARQUE ESTADUAL MARINHO DE AREIA VERMELHA,CABEDELO (PB)
0000.25.0488,PARQUE ESTADUAL MATA DO XEM-XÉM,BAYEUX (PB)
0000.25.0490,ÁREA DE PROTEÇÃO AMBIENTAL DE TAMBABA,ALHANDRA (PB) - CONDE (PB) - PITIMBU (PB)
0000.25.3124,REFÚGIO DE VIDA SILVESTRE MATA DO BURAQUINHO,JOÃO PESSOA (PB)
0000.25.3802,PARQUE ESTADUAL DAS TRILHAS,JOÃO PESSOA (PB)
0000.25.3846,ÁREA DE PROTEÇÃO AMBIENTAL NAUFRÁGIO QUEIMADO,CABEDELO (PB) - JOÃO PESSOA (PB)
0000.26.0964,ESTAÇÃO ECOLÓGICA DE CAETÉS,PAULISTA (PE)
0000.26.0966,PARQUE ESTADUAL DE DOIS IRMÃOS,RECIFE (PE)
0000.26.0967,ÁREA DE PROTEÇÃO AMBIENTAL DE GUADALUPE,BARREIROS (PE) - RIO FORMOSO (PE) - SIRINHAÉM (PE) - TAMANDARÉ (PE)
0000.26.0974,RESERVA PARTICULAR DO PATRIMÔNIO NATURAL FAZENDA TABATINGA,GOIANA (PE)
0000.26.0975,ÁREA DE PROTEÇÃO AMBIENTAL DE SIRINHAÉM,RIO FORMOSO (PE) - SIRINHAÉM (PE)
0000.26.1928,ÁREA DE PROTEÇÃO AMBIENTAL ALDEIA-BEBERIBE,ABREU E LIMA (PE) - ARAÇOIABA (PE) - CAMARAGIBE (PE) - IGARASSU (PE) - PAUDALHO (PE) - PAULISTA (PE) - RECIFE (PE) - SÃO LOURENÇO DA MATA (PE)
0000.26.1929,ÁREA DE PROTEÇÃO AMBIENTAL DE SANTA CRUZ,GOIANA (PE) - ILHA DE ITAMARACÁ (PE) - ITAPISSUMA (PE)
0000.26.2239,REFÚGIO DE VIDA SILVESTRE MATA LANÇO DOS CAÇÕES,ILHA DE ITAMARACÁ (PE)
0000.26.2240,REFÚGIO DE VIDA SILVESTRE MATA DO AMPARO,ILHA DE ITAMARACÁ (PE)
0000.26.2241,REFÚGIO DE VIDA SILVESTRE MATA ENGENHO MACAXEIRA,ILHA DE ITAMARACÁ (PE)
0000.26.2242,REFÚGIO DE VIDA SILVESTRE MATA DE JAGUARIBE,ILHA DE ITAMARACÁ (PE)
0000.26.2243,REFÚGIO DE VIDA SILVESTRE MATA DO ENGENHO SÃO JOÃO,ILHA DE ITAMARACÁ (PE)
0000.26.2244,REFÚGIO DE VIDA SILVESTRE MATA DE SANTA CRUZ,ILHA DE ITAMARACÁ (PE)
0000.26.2247,REFÚGIO DE VIDA SILVESTRE MATA DE MIRITIBA,ABREU E LIMA (PE)
0000.26.2248,REFÚGIO DE VIDA SILVESTRE MATA DE BOM JARDIM,CABO DE SANTO AGOSTINHO (PE)
0000.26.2249,REFÚGIO DE VIDA SILVESTRE MATA DO CONTRA-AÇUDE,CABO DE SANTO AGOSTINHO (PE)
0000.26.2250,REFÚGIO DE VIDA SILVESTRE MATA DO URUCU,CABO DE SANTO AGOSTINHO (PE)
0000.26.2251,REFÚGIO DE VIDA SILVESTRE MATA SERRA DO COTOVELO,CABO DE SANTO AGOSTINHO (PE) - MORENO (PE)
0000.26.2252,REFÚGIO DE VIDA SILVESTRE MATA SERRA DO CUMARU,CABO DE SANTO AGOSTINHO (PE) - MORENO (PE)
0000.26.2253,REFÚGIO DE VIDA SILVESTRE MATAS DO SISTEMA GURJAÚ,CABO DE SANTO AGOSTINHO (PE) - JABOATÃO DOS GUARARAPES (PE) - MORENO (PE)
0000.26.2254,REFÚGIO DE VIDA SILVESTRE MATA DA USINA SÃO JOSÉ,IGARASSU (PE)
0000.26.3239,REFÚGIO DE VIDA SILVESTRE MATA DE MUSSAÍBA,JABOATÃO DOS GUARARAPES (PE)
0000.26.3283,PARQUE ESTADUAL MATA DO ZUMBI,CABO DE SANTO AGOSTINHO (PE)
0000.26.3303,REFÚGIO DE VIDA SILVESTRE MATA DO CURADO,RECIFE (PE)
0000.26.3304,REFÚGIO DE VIDA SILVESTRE MATA SÃO JOÃO DA VÁRZEA,RECIFE (PE)
0000.26.3308,PARQUE ESTADUAL MATA DE DUAS LAGOAS,CABO DE SANTO AGOSTINHO (PE)
0000.26.3314,ESTAÇÃO ECOLOGICA BITA E UTINGA,CABO DE SANTO AGOSTINHO (PE) - IPOJUCA (PE)
0000.26.3316,ÁREA DE RELEVANTE INTERESSE ECOLÓGICO IPOJUCA-MEREPE,IPOJUCA (PE)
0000.26.3328,REFÚGIO DE VIDA SILVESTRE MATA DO ENGENHO SALGADINHO,JABOATÃO DOS GUARARAPES (PE)
0000.26.3330,REFÚGIO DE VIDA SILVESTRE MATA DO ENGENHO UCHÔA,RECIFE (PE)
0000.26.3744,RESERVA PARTICULAR DO PATRIMÔNIO NATURAL TRAPICHE,SIRINHAÉM (PE)
0000.26.3751,ÁREA DE PROTEÇÃO AMBIENTAL MARINHA RECIFES SERRAMBI,IPOJUCA (PE)
0000.27.0887,ÁREA DE PROTEÇÃO AMBIENTAL DE SANTA RITA,COQUEIRO SECO (AL) - MACEIÓ (AL) - MARECHAL DEODORO (AL)
0000.27.0920,ÁREA DE PROTEÇÃO AMBIENTAL DO CATOLÉ E FERNÃO VELHO,COQUEIRO SECO (AL) - MACEIÓ (AL) - RIO LARGO (AL) - SANTA LUZIA DO NORTE (AL) - SATUBA (AL)
0000.27.0921,ÁREA DE PROTEÇÃO AMBIENTAL DA MARITUBA DO PEIXE,FELIZ DESERTO (AL) - PENEDO (AL) - PIAÇABUÇU (AL)
0000.27.0922,ÁREA DE PROTEÇÃO AMBIENTAL DO PRATAGY,MACEIÓ (AL) - MESSIAS (AL) - RIO LARGO (AL)
0000.27.0923,ÁREA DE PROTEÇÃO AMBIENTAL DE MURICÍ,BRANQUINHA (AL) - COLÔNIA LEOPOLDINA (AL) - IBATEGUARA (AL) - JOAQUIM GOMES (AL) - MESSIAS (AL) - MURICI (AL) - NOVO LINO (AL) - SÃO JOSÉ DA LAJE (AL) - UNIÃO DOS PALMARES (AL)
0000.27.1607,RESERVA PARTICULAR DO PATRIMÔNIO NATURAL ALDEIA VERDE,MACEIÓ (AL)
0000.27.1608,RESERVA PARTICULAR DO PATRIMÔNIO NATURAL TOBOGÃ,MACEIÓ (AL)
0000.27.1611,RESERVA PARTICULAR DO PATRIMÔNIO NATURAL VILA D'ÁGUA,MURICI (AL)
0000.27.2682,RESERVA PARTICULAR DO PATRIMÔNIO NATURAL PLANALTO,PENEDO (AL)
0000.27.3579,RESERVA PARTICULAR DO PATRIMÔNIO NATURAL SAINT MICHEL 1,BARRA DE SÃO MIGUEL (AL)
0000.27.3580,RESERVA PARTICULAR DO PATRIMÔNIO NATURAL SAINT MICHEL 2,BARRA DE SÃO MIGUEL (AL)
0000.27.3582,RESERVA PARTICULAR DO PATRIMÔNIO NATURAL SAINT MICHEL 3,BARRA DE SÃO MIGUEL (AL)
0000.27.3721,RESERVA PARTICULAR DO PATRIMÔNIO NATURAL QUEBRA CARRO,PILAR (AL)
0000.27.3804,RESERVA PARTICULAR DO PATRIMÔNIO NATURAL MATA DO CEDRO,RIO LARGO (AL)
0000.27.3809,RESERVA PARTICULAR DO PATRIMÔNIO NATURAL CONCEIÇÃO LYRA I,PENEDO (AL)
0000.27.3810,RESERVA PARTICULAR DO PATRIMÔNIO NATURAL CONCEIÇÃO LYRA II,PENEDO (AL)
0000.27.3811,RESERVA PARTICULAR DO PATRIMÔNIO NATURAL CONCEIÇÃO LYRA III,MACEIÓ (AL)
0000.27.3812,RESERVA PARTICULAR DO PATRIMÔNIO NATURAL CONCEIÇÃO LYRA IV,PENEDO (AL)
0000.27.3819,RESERVA PARTICULAR DO PATRIMÔNIO NATURAL RIACHO SECO,CORURIPE (AL)
0000.27.3869,RESERVA PARTICULAR DO PATRIMÔNIO NATURAL APOLINÁRIO,BARRA DE SANTO ANTÔNIO (AL)
0000.27.3879,RESERVA PARTICULAR DO PATRIMÔNIO NATURAL BOCA DO RIO,BARRA DE SÃO MIGUEL (AL)
0000.27.3880,RESERVA PARTICULAR DO PATRIMÔNIO NATURAL OLHO D'ÁGUA,BARRA DE SÃO MIGUEL (AL)
0000.27.3881,RESERVA PARTICULAR DO PATRIMÔNIO NATURAL PINDOBA,BARRA DE SÃO MIGUEL (AL)
0000.27.3882,RESERVA PARTICULAR DO PATRIMÔNIO NATURAL SANTA CRISTINA,BARRA DE SÃO MIGUEL (AL)
0000.27.4041,RESERVA PARTICULAR DO PATRIMÔNIO NATURAL SERENO,PORTO CALVO (AL) - PORTO DE PEDRAS (AL)
0000.27.4042,RESERVA PARTICULAR DO PATRIMÔNIO NATURAL ORIENTE,PORTO CALVO (AL)
0000.27.4108,RESERVA PARTICULAR DO PATRIMÔNIO NATURAL SÍTIO BICA,JAPARATINGA (AL)
0000.27.4199,RESERVA PARTICULAR DO PATRIMÔNIO NATURAL GARABU,SÃO LUÍS DO QUITUNDE (AL)
0000.27.4203,RESERVA PARTICULAR DO PATRIMÔNIO NATURAL LUIZ JOAQUIM BARBOSA,MARECHAL DEODORO (AL)
0000.27.4345,RESERVA PARTICULAR DO PATRIMÔNIO NATURAL NELSON SIMÕES COSTA I,FELIZ DESERTO (AL) - PIAÇABUÇU (AL)
0000.27.4346,RESERVA PARTICULAR DO PATRIMÔNIO NATURAL NELSON SIMÕES COSTA II,FELIZ DESERTO (AL)
0000.27.4347,RESERVA PARTICULAR DO PATRIMÔNIO NATURAL NELSON SIMÕES COSTA III,FELIZ DESERTO (AL)
0000.27.4374,RESERVA PARTICULAR DO PATRIMÔNIO NATURAL REMY FERREIRA BARROS,FLEXEIRAS (AL) - MURICI (AL)
0000.27.4706,RESERVA PARTICULAR DO PATRIMÔNIO NATURAL MUTUM DE ALAGOAS II,CORURIPE (AL)
0000.27.4949,RESERVA PARTICULAR DO PATRIMÔNIO NATURAL AFRÂNIO MENEZES,CORURIPE (AL)
0000.27.4950,RESERVA PARTICULAR DO PATRIMÔNIO NATURAL MUTUM DE ALAGOAS I,CORURIPE (AL)
0000.27.4964,RESERVA PARTICULAR DO PATRIMÔNIO NATURAL MATA DA SÁLVIA,RIO LARGO (AL) - SATUBA (AL)
0000.28.0793,ÁREA DE PROTEÇÃO AMBIENTAL DO LITORAL SUL,ESTÂNCIA (SE) - INDIAROBA (SE) - ITAPORANGA D'AJUDA (SE) - SANTA LUZIA DO ITANHY (SE)
0000.28.0794,ÁREA DE PROTEÇÃO AMBIENTAL DO MORRO DO URUBU,ARACAJU (SE)
0000.28.4118,PARQUE ESTADUAL MARITUBA,BARRA DOS COQUEIROS (SE) - SANTO AMARO DAS BROTAS (SE)
0000.29.0299,ÁREA DE PROTEÇÃO AMBIENTAL JOANES - IPITANGA,CAMAÇARI (BA) - CANDEIAS (BA) - DIAS D'ÁVILA (BA) - LAURO DE FREITAS (BA) - SALVADOR (BA) - SÃO FRANCISCO DO CONDE (BA) - SÃO SEBASTIÃO DO PASSÉ (BA) - SIMÕES FILHO (BA)
0000.29.0301,ÁREA DE PROTEÇÃO AMBIENTAL CAMINHOS ECOLÓGICOS DA BOA ESPERANÇA,CAIRU (BA) - JIQUIRIÇÁ (BA) - NILO PEÇANHA (BA) - TAPEROÁ (BA) - TEOLÂNDIA (BA) - UBAÍRA (BA) - VALENÇA (BA) - WENCESLAU GUIMARÃES (BA)
0000.29.0302,ÁREA DE PROTEÇÃO AMBIENTAL PLATAFORMA CONTINENTAL DO LITORAL NORTE,SALVADOR (BA)
0000.29.0303,ÁREA DE PROTEÇÃO AMBIENTAL GUAIBIM,VALENÇA (BA)
0000.29.0304,ÁREA DE PROTEÇÃO AMBIENTAL DAS ILHAS DE TINHARÉ E BOIPEBA,CAIRU (BA)
0000.29.0306,ÁREA DE PROTEÇÃO AMBIENTAL PONTA DA BALEIA / ABROLHOS,ALCOBAÇA (BA) - CARAVELAS (BA)
0000.29.0308,ÁREA DE PROTEÇÃO AMBIENTAL COROA VERMELHA,PORTO SEGURO (BA) - SANTA CRUZ CABRÁLIA (BA)
0000.29.0309,ÁREA DE PROTEÇÃO AMBIENTAL COSTA DE ITACARÉ/ SERRA GRANDE,ITACARÉ (BA) - URUÇUCA (BA)
0000.29.0310,ÁREA DE PROTEÇÃO AMBIENTAL CARAÍVA/ TRANCOSO,PORTO SEGURO (BA)
0000.29.0312,ÁREA DE PROTEÇÃO AMBIENTAL LAGOA ENCANTADA,ALMADINA (BA) - COARACI (BA) - ILHÉUS (BA) - ITAJUÍPE (BA) - URUÇUCA (BA)
0000.29.0313,ÁREA DE PROTEÇÃO AMBIENTAL RIO CAPIVARA,CAMAÇARI (BA) - SALVADOR (BA)
0000.29.0315,ÁREA DE PROTEÇÃO AMBIENTAL LAGOAS E DUNAS DO ABAETÉ,SALVADOR (BA)
0000.29.0316,ÁREA DE PROTEÇÃO AMBIENTAL LAGOAS DE GUARAJUBA,CAMAÇARI (BA)
0000.29.0318,ÁREA DE PROTEÇÃO AMBIENTAL DO LAGO DE PEDRA DO CAVALO,ANTÔNIO CARDOSO (BA) - CABACEIRAS DO PARAGUAÇU (BA) - CACHOEIRA (BA) - CONCEIÇÃO DA FEIRA (BA) - FEIRA DE SANTANA (BA) - GOVERNADOR MANGABEIRA (BA) - MURITIBA (BA) - SANTO ESTÊVÃO (BA) - SÃO FÉLIX (BA) - SÃO GONÇALO DOS CAMPOS (BA)
0000.29.0319,ÁREA DE PROTEÇÃO AMBIENTAL DO PRATIGI,IBIRAPITANGA (BA) - IGRAPIÚNA (BA) - ITUBERÁ (BA) - NILO PEÇANHA (BA) - PIRAÍ DO NORTE (BA)
0000.29.0320,ÁREA DE PROTEÇÃO AMBIENTAL BAÍA DE TODOS OS SANTOS,CACHOEIRA (BA) - CANDEIAS (BA) - ITAPARICA (BA) - JAGUARIPE (BA) - MADRE DE DEUS (BA) - MARAGOGIPE (BA) - SALINAS DA MARGARIDA (BA) - SALVADOR (BA) - SANTO AMARO (BA) - SÃO FRANCISCO DO CONDE (BA) - SAUBARA (BA) - SIMÕES FILHO (BA) - VERA CRUZ (BA)
0000.29.0321,ÁREA DE PROTEÇÃO AMBIENTAL BACIA DO COBRE / SÃO BARTOLOMEU,SALVADOR (BA) - SIMÕES FILHO (BA)
0000.29.0323,ÁREA DE PROTEÇÃO AMBIENTAL LITORAL NORTE,CONDE (BA) - ENTRE RIOS (BA) - ESPLANADA (BA) - JANDAÍRA (BA) - MATA DE SÃO JOÃO (BA)
0000.29.0325,PARQUE ESTADUAL DA SERRA DO CONDURU,ILHÉUS (BA) - ITACARÉ (BA) - URUÇUCA (BA)
0000.29.0326,ÁREA DE PROTEÇÃO AMBIENTAL DE MANGUE SECO,JANDAÍRA (BA)
0000.29.0327,ÁREA DE PROTEÇÃO AMBIENTAL SANTO ANTÔNIO,BELMONTE (BA) - SANTA CRUZ CABRÁLIA (BA)
0000.29.0328,ÁREA DE PROTEÇÃO AMBIENTAL BAÍA DE CAMAMU,CAMAMU (BA) - ITACARÉ (BA) - MARAÚ (BA)
0000.29.1014,MONUMENTO NATURAL DOS CANIONS DO SUBAÉ,SANTO AMARO (BA)
0000.29.2013,RESERVA PARTICULAR DO PATRIMÔNIO NATURAL RENASCER,PORTO SEGURO (BA)
0000.29.2014,RESERVA PARTICULAR DO PATRIMÔNIO NATURAL REFÚGIO DO GUIGÓ I E II,UNA (BA)
0000.29.2018,RESERVA PARTICULAR DO PATRIMÔNIO NATURAL BRONZON,PRADO (BA)
0000.29.2030,RESERVA PARTICULAR DO PATRIMÔNIO NATURAL BOZI,PRADO (BA)
0000.29.2031,RESERVA PARTICULAR DO PATRIMÔNIO NATURAL LEMBRANÇA,PORTO SEGURO (BA)
0000.29.2056,RESERVA PARTICULAR DO PATRIMÔNIO NATURAL PIANISSOLI,PRADO (BA)
0000.29.2057,RESERVA PARTICULAR DO PATRIMÔNIO NATURAL ENGELHARDT,PRADO (BA)
0000.29.2603,RESERVA PARTICULAR DO PATRIMÔNIO NATURAL NOVA ANGÉLICA,UNA (BA)
0000.29.2703,RESERVA PARTICULAR DO PATRIMÔNIO NATURAL DEMUNER,PRADO (BA)
0000.29.2763,RESERVA PARTICULAR DO PATRIMÔNIO NATURAL CORUMBAU,PRADO (BA)
0000.29.2796,RESERVA PARTICULAR DO PATRIMÔNIO NATURAL PARAÍSO I,PORTO SEGURO (BA)
0000.29.2853,RESERVA PARTICULAR DO PATRIMÔNIO NATURAL RESERVA MESTRE BONINA,ILHÉUS (BA)
0000.29.2854,RESERVA PARTICULAR DO PATRIMÔNIO NATURAL CORUMBAU I,PRADO (BA)
0000.29.2929,RESERVA PARTICULAR DO PATRIMÔNIO NATURAL RESERVA MARIANA,CAMAMU (BA)
0000.29.2930,RESERVA PARTICULAR DO PATRIMÔNIO NATURAL RESERVA BOHEMIA,CAMAMU (BA)
0000.29.2931,RESERVA PARTICULAR DO PATRIMÔNIO NATURAL RESERVA LUKAVEC,CAMAMU (BA)
0000.29.2932,RESERVA PARTICULAR DO PATRIMÔNIO NATURAL RESERVA BIANCA,CAMAMU (BA)
0000.29.2933,RESERVA PARTICULAR DO PATRIMÔNIO NATURAL RESERVA ECOLÓGICA CHEFE ROSA.,CAMAMU (BA)
0000.29.2948,RESERVA PARTICULAR DE PATRIMÔNIO NATURAL RANCHO LETTY,PRADO (BA)
0000.29.3173,"RESERVA PARTICULAR DO PATRIMÔNIO NATURAL FERNANDES I, II E III",PRADO (BA)
0000.29.3201,RESERVA PARTICULAR DO PATRIMÔNIO NATURAL DO JEQUITIBÁ,ENTRE RIOS (BA)
0000.29.3202,RESERVA PARTICULAR DO PATRIMÔNIO NATURAL LEMBRANÇA II,PORTO SEGURO (BA)
0000.29.3203,RESERVA PARTICULAR DO PATRIMÔNIO NATURAL FAZENDA DO CAHY,PRADO (BA)
0000.29.3206,RESERVA PARTICULAR DO PATRIMÔNIO NATURAL VALE DO CANTASSURÍ,ITACARÉ (BA)
0000.29.3248,PARQUE ESTADUAL PONTA DA TULHA,ILHÉUS (BA)
0000.29.3278,RESERVA PARTICULAR DO PATRIMÔNIO NATURAL SANTA ANA II,ITACARÉ (BA)
0000.29.3292,RESERVA PARTICULAR DO PATRIMÔNIO NATURAL TRÊS MORENAS,PORTO SEGURO (BA)
0000.29.3402,RESERVA PARTICULAR DO PATRIMÔNIO NATURAL RESERVA VITÓRIA PRIMAVERA,MARAÚ (BA)
0000.29.3403,RESERVA PARTICULAR DO PATRIMÔNIO NATURAL RESERVA BOA VISTA I,MARAÚ (BA)
0000.29.3404,RESERVA PARTICULAR DO PATRIMÔNIO NATURAL RESERVA SANTO ANDRÉ,MARAÚ (BA)
0000.29.3412,RESERVA PARTICULAR DO PATRIMÔNIO NATURAL ESPINITA,IGRAPIÚNA (BA)
0000.29.3413,RESERVA PARTICULAR PATRIMÔNIO NATURAL IRARA,CAMAMU (BA)
0000.29.3431,RESERVA PARTICULAR DO PATRIMÔNIO NATURAL SANTA ANA I,ITACARÉ (BA)
0000.29.3433,RESERVA PARTICULAR DO PATRIMÔNIO NATURAL COTINGA-CREJOÁ,UNA (BA)
0000.29.3464,RESERVA PARTICULAR DO PATRIMÔNIO NATURAL STANISLAS PRYL/MICO-LEÃO-DA-CARA-DOURADA,UNA (BA)
0000.29.3733,RESERVA PARTICULAR DO PATRIMÔNIO NATURAL LIMOEIRO,ESPLANADA (BA)
0000.29.3734,RESERVA PARTICULAR DO PATRIMÔNIO NATURAL PREGUIÇA-DE-COLEIRA,MARAÚ (BA)
0000.29.3793,RESERVA PARTICULAR DO PATRIMÔNIO NATURAL MACUQUINHO-BAIANO,ITUBERÁ (BA) - PIRAÍ DO NORTE (BA)
0000.29.3794,RESERVA PARTICULAR DO PATRIMÔNIO NATURAL RESERVA YOGO,JAGUARIPE (BA)
0000.29.3795,RESERVA PARTICULAR DO PATRIMÔNIO NATURAL RESERVA JACURUNA,JAGUARIPE (BA)
0000.29.4035,RESERVA PARTICULAR DO PATRIMÔNIO NATURAL ECOTERRA TICO TINGA,TAPEROÁ (BA)
0000.29.4133,RESERVA PARTICULAR DO PATRIMÔNIO NATURAL RESERVA GRAVINA,MARAÚ (BA)
0000.29.4238,RESERVA PARTICULAR DO PATRIMÔNIO NATURAL JAPURÁ,ESPLANADA (BA)
0000.29.4239,RESERVA PARTICULAR DO PATRIMÔNIO NATURAL FALCÃO,ESPLANADA (BA)
0000.29.4402,RESERVA PARTICULAR DO PATRIMÔNIO NATURAL ARUÁ,MATA DE SÃO JOÃO (BA)
0000.29.4614,RESERVA PARTICULAR DO PATRIMÔNIO NATURAL CAPITÃO DA MATA,CAMAMU (BA)
0000.29.4664,RESERVA PARTICULAR DO PATRIMÔNIO NATURAL TIÊ-SANGUE,ITACARÉ (BA)
0000.29.4665,RESERVA PARTICULAR DO PATRIMÔNIO NATURAL DO VALDEMAR E DA VITÓRIA,MUCURI (BA)
0000.29.4674,RESERVA PARTICULAR DO PATRIMÔNIO NATURAL DO BOQUEIRÃO DA MATA,MUCURI (BA)
0000.29.4675,RESERVA PARTICULAR DO PATRIMÔNIO NATURAL DA PEDREIRA,ILHÉUS (BA)
0000.32.0331,PARQUE ESTADUAL DE ITAÚNAS,CONCEIÇÃO DA BARRA (ES)
0000.32.0332,PARQUE ESTADUAL PAULO CÉSAR VINHA,GUARAPARI (ES)
0000.32.0333,ÁREA DE PROTEÇÃO AMBIENTAL DA LAGOA GUANANDY,ITAPEMIRIM (ES) - PIÚMA (ES)
0000.32.0334,ÁREA DE PROTEÇÃO AMBIENTAL DO PICO DO GOIAPABA-AÇU,FUNDÃO (ES) - SANTA TERESA (ES)
0000.32.0335,ÁREA DE PROTEÇÃO AMBIENTAL DE PRAIA MOLE,SERRA (ES)
0000.32.0336,ÁREA DE PROTEÇÃO AMBIENTAL CONCEIÇÃO DA BARRA,CONCEIÇÃO DA BARRA (ES)
0000.32.0338,ÁREA DE PROTEÇÃO AMBIENTAL DE SETIBA,GUARAPARI (ES) - VILA VELHA (ES)
0000.32.1533,MONUMENTO NATURAL O FRADE E A FREIRA,CACHOEIRO DE ITAPEMIRIM (ES) - ITAPEMIRIM (ES) - VARGEM ALTA (ES)
0000.32.1667,RESERVA BIOLÓGICA DE DUAS BOCAS,CARIACICA (ES) - SANTA LEOPOLDINA (ES) - VIANA (ES)
0000.32.1832,RESERVA ESTADUAL DE DESENVOLVIMENTO SUSTENTÁVEL CONCHA D´OSTRA,GUARAPARI (ES)
0000.32.2345,RESERVA PARTICULAR DO PATRIMÔNIO NATURAL MUTUM PRETO,LINHARES (ES)
0000.32.2346,RESERVA PARTICULAR DO PATRIMÔNIO NATURAL RECANTO DAS ANTAS,LINHARES (ES)
0000.32.2347,RESERVA PARTICULAR DO PATRIMÔNIO NATURAL RESTINGA DE ARACRUZ,ARACRUZ (ES)
0000.32.2353,RESERVA PARTICULAR DO PATRIMÔNIO NATURAL YARA BRUNINI,PIÚMA (ES)
0000.32.2355,RESERVA PARTICULAR DO PATRIMÔNIO NATURAL MATA DO MACUCO,PRESIDENTE KENNEDY (ES)
0000.33.0723,RESERVA DE DESENVOLVIMENTO SUSTENTÁVEL DO AVENTUREIRO,ANGRA DOS REIS (RJ)
0000.33.0724,ÁREA DE PROTEÇÃO AMBIENTAL DO PAU BRASIL,ARMAÇÃO DOS BÚZIOS (RJ) - CABO FRIO (RJ)
0000.33.0726,ÁREA DE PROTEÇÃO AMBIENTAL DE MANGARATIBA,MANGARATIBA (RJ)
0000.33.0727,ÁREA DE PROTEÇÃO AMBIENTAL DA SERRA DE SAPIATIBA,IGUABA GRANDE (RJ) - SÃO PEDRO DA ALDEIA (RJ)
0000.33.0728,RESERVA BIOLÓGICA ESTADUAL DA PRAIA DO SUL,ANGRA DOS REIS (RJ)
0000.33.0729,ÁREA DE PROTEÇÃO AMBIENTAL DE MARICÁ,MARICÁ (RJ)
0000.33.0731,ÁREA DE PROTEÇÃO AMBIENTAL ESTADUAL DE TAMOIOS,ANGRA DOS REIS (RJ)
0000.33.0735,ÁREA DE PROTEÇÃO AMBIENTAL DE GERICINÓ/MENDANHA,MESQUITA (RJ) - NILÓPOLIS (RJ) - NOVA IGUAÇU (RJ) - RIO DE JANEIRO (RJ)
0000.33.0737,ÁREA DE PROTEÇÃO AMBIENTAL DA BACIA DO RIO MACACU,CACHOEIRAS DE MACACU (RJ) - GUAPIMIRIM (RJ) - ITABORAÍ (RJ)
0000.33.1476,PARQUE ESTADUAL DA SERRA DA TIRIRICA,MARICÁ (RJ) - NITERÓI (RJ)
0000.33.1477,PARQUE ESTADUAL DA ILHA GRANDE,ANGRA DOS REIS (RJ)
0000.33.1478,PARQUE ESTADUAL DA PEDRA BRANCA,RIO DE JANEIRO (RJ)
0000.33.1479,PARQUE ESTADUAL DO DESENGANO,CAMPOS DOS GOYTACAZES (RJ) - SANTA MARIA MADALENA (RJ) - SÃO FIDÉLIS (RJ)
0000.33.1481,ESTAÇÃO ECOLÓGICA ESTADUAL DE GUAXINDIBA,SÃO FRANCISCO DE ITABAPOANA (RJ)
0000.33.1482,RESERVA BIOLÓGICA ESTADUAL DE GUARATIBA,RIO DE JANEIRO (RJ)
0000.33.1485,PARQUE ESTADUAL DOS TRÊS PICOS,CACHOEIRAS DE MACACU (RJ) - GUAPIMIRIM (RJ) - NOVA FRIBURGO (RJ) - SILVA JARDIM (RJ) - TERESÓPOLIS (RJ)
0000.33.1512,AREA DE PROTEÇÃO AMBIENTAL DO RIO GUANDU,ENGENHEIRO PAULO DE FRONTIN (RJ) - ITAGUAÍ (RJ) - JAPERI (RJ) - MIGUEL PEREIRA (RJ) - NOVA IGUAÇU (RJ) - PARACAMBI (RJ) - PIRAÍ (RJ) - QUEIMADOS (RJ) - RIO CLARO (RJ) - SEROPÉDICA (RJ) - VASSOURAS (RJ)
0000.33.1514,ÁREA DE PROTEÇÃO AMBIENTAL DE MASSAMBABA,ARARUAMA (RJ) - ARRAIAL DO CABO (RJ) - SAQUAREMA (RJ)
0000.33.1620,PARQUE ESTADUAL CUNHAMBEBE,ANGRA DOS REIS (RJ) - ITAGUAÍ (RJ) - MANGARATIBA (RJ) - RIO CLARO (RJ)
0000.33.1837,ÁREA DE PROTEÇÃO AMBIENTAL DE SEPETIBA II,RIO DE JANEIRO (RJ)
0000.33.2267,RESERVA PARTICULAR DO PATRIMÔNIO NATURAL CAMPO ESCOTEIRO GERALDO HUGO NUNES,MAGÉ (RJ)
0000.33.2274,RESERVA PARTICULAR DO PATRIMÔNIO NATURAL RESERVA MATO GROSSO II,SAQUAREMA (RJ)
0000.33.2275,RESERVA PARTICULAR DO PATRIMÔNIO NATURAL GOTAS AZUIS,SEROPÉDICA (RJ)
0000.33.2293,RESERVA PARTICULAR DO PATRIMÔNIO NATURAL SÍTIO DA LUZ,CASIMIRO DE ABREU (RJ)
0000.33.2641,RESERVA PARTICULAR DO PATRIMÔNIO NATURAL PONTE DO BAIÃO,MACAÉ (RJ)
0000.33.2717,RESERVA PARTICULAR DO PATRIMÔNIO NATURAL FAZENDA CARUARA,SÃO JOÃO DA BARRA (RJ)
0000.33.2721,PARQUE ESTADUAL DA LAGOA DO AÇU,CAMPOS DOS GOYTACAZES (RJ) - SÃO JOÃO DA BARRA (RJ)
0000.33.2732,PARQUE ESTADUAL DA COSTA DO SOL,ARARUAMA (RJ) - ARMAÇÃO DOS BÚZIOS (RJ) - ARRAIAL DO CABO (RJ) - CABO FRIO (RJ) - SÃO PEDRO DA ALDEIA (RJ) - SAQUAREMA (RJ)
0000.33.2805,ÁREA DE PROTEÇÃO AMBIENTAL DO ALTO IGUAÇU,BELFORD ROXO (RJ) - DUQUE DE CAXIAS (RJ) - NOVA IGUAÇU (RJ)
0000.33.2904,PARQUE ESTADUAL DO MENDANHA,MESQUITA (RJ) - NOVA IGUAÇU (RJ) - RIO DE JANEIRO (RJ)
0000.33.2981,RESERVA EXTRATIVISTA MARINHA DE ITAIPU,NITERÓI (RJ)
0000.33.3058,RESERVA PARTICULAR DO PATRIMÔNIO NATURAL BICHO PREGUIÇA,RIO DE JANEIRO (RJ)
0000.33.3445,RESERVA PARTICULAR DO PATRIMÔNIO NATURAL PILAR,MARICÁ (RJ)
0000.33.3517,RESERVA PARTICULAR DO PATRIMÔNIO NATURAL PEITO DE POMBA,MACAÉ (RJ)
0000.33.3535,RESERVA PARTICULAR DO PATRIMÔNIO NATURAL MARIO E ALBA CORRAL,MACAÉ (RJ)
0000.33.3903,RESERVA PARTICULAR DO PATRIMÔNIO NATURAL ILAN,ANGRA DOS REIS (RJ)
0000.33.3971,REFÚGIO DE VIDA SILVESTRE ESTADUAL DA SERRA DA ESTRELA,DUQUE DE CAXIAS (RJ) - MAGÉ (RJ) - PETRÓPOLIS (RJ)
0000.33.4093,RESERVA PARTICULAR DO PATRIMÔNIO NATURAL PERTINHO DO CÉU,MANGARATIBA (RJ)
0000.35.0798,PARQUE ESTADUAL DA SERRA DO MAR,BERTIOGA (SP) - BIRITIBA MIRIM (SP) - CARAGUATATUBA (SP) - CUBATÃO (SP) - CUNHA (SP) - ITANHAÉM (SP) - JUQUITIBA (SP) - MOGI DAS CRUZES (SP) - MONGAGUÁ (SP) - NATIVIDADE DA SERRA (SP) - PARAIBUNA (SP) - PEDRO DE TOLEDO (SP) - PERUÍBE (SP) - PRAIA GRANDE (SP) - SALESÓPOLIS (SP) - SANTO ANDRÉ (SP) - SANTOS (SP) - SÃO BERNARDO DO CAMPO (SP) - SÃO LUIZ DO PARAITINGA (SP) - SÃO PAULO (SP) - SÃO SEBASTIÃO (SP) - SÃO VICENTE (SP) - UBATUBA (SP)
0000.35.0817,ESTAÇÃO ECOLÓGICA CHAÚAS,IGUAPE (SP)
0000.35.0833,PARQUE ESTADUAL XIXOVÁ-JAPUÍ,PRAIA GRANDE (SP) - SÃO VICENTE (SP)
0000.35.0834,PARQUE ESTADUAL MARINHO DA LAJE DE SANTOS,SANTOS (SP)
0000.35.0841,PARQUE ESTADUAL DA ILHA DO CARDOSO,CANANÉIA (SP)
0000.35.0855,PARQUE ESTADUAL DE ILHABELA,ILHABELA (SP)
0000.35.0856,PARQUE ESTADUAL DA ILHA ANCHIETA,UBATUBA (SP)
0000.35.0862,ESTAÇÃO ECOLÓGICA JURÉIA-ITATINS,IGUAPE (SP) - ITARIRI (SP) - MIRACATU (SP) - PERUÍBE (SP)
0000.35.1677,PARQUE ESTADUAL DO ITINGUÇU,IGUAPE (SP) - PERUÍBE (SP)
0000.35.1678,PARQUE ESTADUAL LAGAMAR DE CANANEIA,CANANÉIA (SP) - JACUPIRANGA (SP)
0000.35.1679,PARQUE ESTADUAL DO PRELADO,IGUAPE (SP)
0000.35.1681,REFÚGIO DE VIDA SILVESTRE DAS ILHAS DO ABRIGO E GUARARITAMA,PERUÍBE (SP)
0000.35.1685,RESERVA EXTRATIVISTA ILHA DO TUMBA,CANANÉIA (SP)
0000.35.1686,RESERVA EXTRATIVISTA TAQUARI,CANANÉIA (SP)
0000.35.1687,RDS DA BARRA DO UNA,PERUÍBE (SP)
0000.35.1689,RDS DO DESPRAIADO,IGUAPE (SP)
0000.35.1693,RDS ITAPANHAPIMA,CANANÉIA (SP)
0000.35.1702,APA ILHA COMPRIDA,ILHA COMPRIDA (SP)
0000.35.1721,ÁREA DE PROTEÇÃO AMBIENTAL MARINHA DO LITORAL NORTE,CARAGUATATUBA (SP) - ILHABELA (SP) - SÃO SEBASTIÃO (SP) - UBATUBA (SP)
0000.35.1722,ARIE DE SÃO SEBASTIÃO,CARAGUATATUBA (SP) - ILHABELA (SP) - SÃO SEBASTIÃO (SP) - UBATUBA (SP)
0000.35.1723,APA MARINHA DO LITORAL CENTRO,BERTIOGA (SP) - GUARUJÁ (SP) - ITANHAÉM (SP) - MONGAGUÁ (SP) - PERUÍBE (SP) - PRAIA GRANDE (SP) - SANTOS (SP) - SÃO VICENTE (SP)
0000.35.1724,APA MARINHA DO LITORAL SUL,CANANÉIA (SP) - IGUAPE (SP) - ILHA COMPRIDA (SP)
0000.35.1725,ARIE DO GUARÁ,ILHA COMPRIDA (SP)
0000.35.1964,PARQUE ESTADUAL RESTINGA DE BERTIOGA,BERTIOGA (SP)
0000.35.2318,RPPN SERRA DO ITATINS,IGUAPE (SP)
0000.35.2843,ARIE ZONA DE VIDA SILVESTRE DA APA DA ILHA COMPRIDA,ILHA COMPRIDA (SP)
0000.35.3425,RPPN MARINA DO CONDE,GUARUJÁ (SP)
0000.35.4323,RESERVA PARTICULAR DO PATRIMÔNIO NATURAL FAZENDA MATA NATIVA,IGUAPE (SP)
0000.35.4335,RESERVA PARTICULAR DO PATRIMÔNIO NATURAL SÍTIO TAGUAÍBA II,ITANHAÉM (SP)
0000.41.0496,ÁREA DE PROTEÇÃO AMBIENTAL ESTADUAL GUARAQUEÇABA,GUARAQUEÇABA (PR)
0000.41.0497,ESTAÇÃO ECOLÓGICA DO GUARAGUAÇU,PARANAGUÁ (PR)
0000.41.0500,ÁREA DE PROTEÇÃO AMBIENTAL ESTADUAL DE GUARATUBA,GUARATUBA (PR) - MATINHOS (PR) - MORRETES (PR) - PARANAGUÁ (PR) - SÃO JOSÉ DOS PINHAIS (PR) - TIJUCAS DO SUL (PR)
0000.41.0512,PARQUE ESTADUAL DO RIO DA ONÇA,MATINHOS (PR)
0000.41.0514,PARQUE ESTADUAL DO BOGUAÇU,GUARATUBA (PR)
0000.41.0518,PARQUE ESTADUAL DO PAU-OCO,MORRETES (PR)
0000.41.0521,FLORESTA ESTADUAL DO PALMITO,PARANAGUÁ (PR)
0000.41.0524,PARQUE ESTADUAL ROBERTO RIBAS LANGE,ANTONINA (PR) - MORRETES (PR)
0000.41.0528,ESTAÇÃO ECOLÓGICA DA ILHA DO MEL,PARANAGUÁ (PR)
0000.41.0529,PARQUE ESTADUAL DA ILHA DO MEL,PARANAGUÁ (PR)
0000.41.0532,PARQUE ESTADUAL PICO PARANÁ,ANTONINA (PR) - CAMPINA GRANDE DO SUL (PR)
0000.41.0540,PARQUE ESTADUAL DO PICO MARUMBI,MORRETES (PR) - PIRAQUARA (PR) - QUATRO BARRAS (PR)
0000.41.0541,PARQUE ESTADUAL DA GRACIOSA,MORRETES (PR)
0000.41.4987,ESTAÇÃO ECOLÓGICA RIO DAS POMBAS,MATINHOS (PR) - PARANAGUÁ (PR) - PONTAL DO PARANÁ (PR)
0000.42.0786,PARQUE ESTADUAL DA SERRA DO TABULEIRO,ÁGUAS MORNAS (SC) - FLORIANÓPOLIS (SC) - IMARUÍ (SC) - PALHOÇA (SC) - PAULO LOPES (SC) - SANTO AMARO DA IMPERATRIZ (SC) - SÃO BONIFÁCIO (SC) - SÃO MARTINHO (SC)
0000.42.0791,PARQUE ESTADUAL ACARAI,SÃO FRANCISCO DO SUL (SC)
0000.42.1844,PARQUE ESTADUAL DO RIO VERMELHO,FLORIANÓPOLIS (SC)
0000.42.3950,RESERVA PARTICULAR DO PATRIMÔNIO NATURAL ESTADUAL MORRO DO MOREIRA,PORTO BELO (SC)
0000.42.3953,RESERVA PARTICULAR DO PATRIMÔNIO NATURAL ESTADUAL AROEIRA VERMELHA,ITAJAÍ (SC)
0000.42.3963,ÁREA DE PROTEÇÃO AMBIENTAL DO ENTORNO COSTEIRO,FLORIANÓPOLIS (SC) - GAROPABA (SC) - PALHOÇA (SC) - PAULO LOPES (SC)
0000.42.4146,RESERVA PARTICULAR DO PATRIMÔNIO NATURAL ESTADUAL SONHO AZUL,PALHOÇA (SC)
0000.42.4358,RESERVA PARTICULAR DO PATRIMÔNIO NATURAL ESTADUAL ICAP - INDUSTRIA E COMÉRCIO CATARINENSE DE PESCADOS LTDA,PORTO BELO (SC)
0000.42.4578,RESERVA PARTICULAR DO PATRIMÔNIO NATURAL ESTADUAL DONA AUGUSTA,JOINVILLE (SC)
0000.42.4642,RESERVA PARTICULAR DO PATRIMÔNIO NATURAL ESTADUAL DONA BLANKA,BALNEÁRIO CAMBORIÚ (SC)
0000.42.4897,RESERVA PARTICULAR DO PATRIMÔNIO NATURAL ESTADUAL DO SISSIAL,GOVERNADOR CELSO RAMOS (SC)
0000.42.4996,RESERVA PARTICULAR DO PATRIMÔNIO NATURAL ESTADUAL COSTA ESMERALDA,PORTO BELO (SC)
0000.43.1863,PARQUE ESTADUAL DE ITAPEVA,TORRES (RS)
0000.43.1988,ÁREA DE PROTEÇÃO AMBIENTAL DO BANHADO GRANDE,GLORINHA (RS) - GRAVATAÍ (RS) - SANTO ANTÔNIO DA PATRULHA (RS) - VIAMÃO (RS)
0000.43.1993,RESERVA BIOLÓGICA DO MATO GRANDE,ARROIO GRANDE (RS)
0000.43.1994,PARQUE ESTADUAL DE ITAPUÃ,VIAMÃO (RS)
0000.43.1995,ESTAÇÃO ECOLÓGICA ESTADUAL ARATINGA,ITATI (RS) - SÃO FRANCISCO DE PAULA (RS)
0000.43.1996,ÁREA DE PROTEÇÃO AMBIENTAL ROTA DO SOL,CAMBARÁ DO SUL (RS) - ITATI (RS) - SÃO FRANCISCO DE PAULA (RS) - TRÊS FORQUILHAS (RS)
0000.43.2006,REFÚGIO DE VIDA SILVESTRE BANHADO DOS PACHECOS,VIAMÃO (RS)
0000.43.2008,RESERVA BIOLÓGICA ESTADUAL MATA PALUDOSA,ITATI (RS)
0000.43.2010,RESERVA BIOLÓGICA DA SERRA GERAL,ITATI (RS) - MAQUINÉ (RS) - TERRA DE AREIA (RS)
0000.43.3514,REFÚGIO DE VIDA SILVESTRE BANHADO DO MAÇARICO,RIO GRANDE (RS)
0000.43.3736,PARQUE ESTADUAL DO CAMAQUÃ,CAMAQUÃ (RS) - SÃO LOURENÇO DO SUL (RS)
0000.43.3753,RESERVA PARTICULAR DO PATRIMÔNIO NATURAL ESTADUAL BARBA,BARRA DO RIBEIRO (RS)
0010.33.3859,PARQUE NATURAL MUNICIPAL DA MATA ATLÂNTICA,ANGRA DOS REIS (RJ)
0023.33.2050,PARQUE NATURAL MUNICIPAL DOS CORAIS DE ARMAÇÃO DOS BÚZIOS,ARMAÇÃO DOS BÚZIOS (RJ)
0025.33.1850,RESERVA BIOLÓGICA DO BREJO JARDIM E ORQUÍDEAS,ARRAIAL DO CABO (RJ)
0025.33.1926,PARQUE NATURAL MUNICIPAL DA RESTINGA DA MASSAMBABA,ARRAIAL DO CABO (RJ)
0030.28.3459,PARQUE NATURAL MUNICIPAL DO POXIM,ARACAJU (SE)
0040.32.2539,RESERVA DE DESENVOLVIMENTO SUSTENTÁVEL MUNICIPAL PAPAGAIO,ANCHIETA (ES)
0040.32.2575,ÁREA DE PROTEÇÃO AMBIENTAL MUNICIPAL TARTARUGAS,ANCHIETA (ES)
0040.32.2957,ÁREA DE PROTEÇÃO AMBIENTAL MONTE URUBU,ANCHIETA (ES)
0060.32.1565,PARQUE NATURAL MUNICIPAL DO ARICANGA WALDEMAR DEVENS,ARACRUZ (ES)
0060.32.1566,PARQUE NATURAL MUNICIPAL DAVID VICTOR FARINA,ARACRUZ (ES)
0060.32.2919,RESERVA DE DESENVOLVIMENTO SUSTENTÁVEL MUNICIPAL PIRAQUE-AÇÚ E PIRAQUE-MIRIM,ARACRUZ (ES)
0080.15.1960,AREA DE RELEVANTE INTERESSE ECOLOGICO PARQUE AMBIENTAL ANTONIO DANUBIO LOURENÇO DA SILVA,ANANINDEUA (PA)
0080.15.2663,AREA DE RELEVANTE INTERESSE ECOLOGICO MUSEU PARQUE SERINGAL,ANANINDEUA (PA)
0093.33.3621,PARQUE NATURAL MUNICIPAL DA RESTINGA DE CARAPEBUS,CARAPEBUS (RJ)
0093.33.3628,REFÚGIO DE VIDA SILVESTRE - FAZENDA SÃO LÁZARO,CARAPEBUS (RJ)
0093.33.3629,ÁREA DE PROTEÇÃO AMBIENTAL DA CARAPEBA BOA,CARAPEBUS (RJ)
0093.33.3630,MONUMENTO NATURAL MUNICIPAL SÃO SIMÃO,CARAPEBUS (RJ)
0100.33.3060,ÁREA DE PROTEÇÃO AMBIENTAL WALDEIR GONÇALVES - SERRA DO ITAÓCA,CAMPOS DOS GOYTACAZES (RJ)
0100.33.3115,ÁREA DE PROTEÇÃO AMBIENTAL DA LAGOA DE CIMA,CAMPOS DOS GOYTACAZES (RJ)
0100.33.4998,ÁREA DE RELEVANTE INTERESSE ECOLÓGICO DAS ILHAS CATAGUÁS,ANGRA DOS REIS (RJ)
0100.33.4999,ÁREA DE PROTEÇÃO AMBIENTAL - APA DA BACIA HIDROGRÁFICA DO RIO JAPUÍBA,ANGRA DOS REIS (RJ)
0110.23.2873,ÁREA DE PROTEÇÃO AMBIENTAL DE CANOA-QUEBRADA,ARACATI (CE)
0120.24.4075,PARQUE NATURAL MUNICIPAL JOSÉ MULATO,ARÊS (RN)
0130.32.2598,PARQUE NATURAL MUNICIPAL DO MANGUEZAL DE ITANGUÁ,CARIACICA (ES)
0130.32.2599,RESERVA DE DESENVOLVIMENTO SUSTENTÁVEL MUNICIPAL DO MANGUEZAL DE CARIACICA,CARIACICA (ES)
0130.32.2600,PARQUE NATURAL MUNICIPAL DO MONTE MOCHUARA,CARIACICA (ES)
0130.32.2601,ÁREA DE PROTEÇÃO AMBIENTAL MUNICIPAL DO MONTE MOCHUARA,CARIACICA (ES)
0160.32.3426,PARQUE NATURAL MUNICIPAL DE CONCEIÇÃO DA BARRA,CONCEIÇÃO DA BARRA (ES)
0170.33.3230,RESERVA BIOLÓGICA DO PARQUE EQUITATIVA,DUQUE DE CAXIAS (RJ)
0170.33.3231,PARQUE NATURAL MUNICIPAL DA CAIXA D´ÁGUA,DUQUE DE CAXIAS (RJ)
0170.33.3232,ÁREA DE PROTEÇÃO AMBIENTAL DE SÃO BENTO,DUQUE DE CAXIAS (RJ)
0185.33.3335,PARQUE NATURAL MUNICIPAL NASCENTE DO JAIBI,GUAPIMIRIM (RJ)
0190.33.3697,PARQUE NATURAL MUNICIPAL PALEONTOLÓGICO DE SÃO JOSÉ DE ITABORAÍ,ITABORAÍ (RJ)
0200.33.3981,ÁREA DE PROTEÇÃO AMBIENTAL ITAGUAÍ ITINGUSSÚ ESPIGÃO TAQUARA,ITAGUAÍ (RJ)
0200.33.3984,ÁREA DE PROTEÇÃO AMBIENTAL DO SACO DE COROA GRANDE,ITAGUAÍ (RJ)
0200.42.2643,PARQUE NATURAL MUNICIPAL RAIMUNDO GONÇALEZ MALTA,BALNEÁRIO CAMBORIÚ (SC)
0210.42.3688,PARQUE NATURAL MUNICIPAL CAMINHO DO PEABIRU,BARRA VELHA (SC)
0220.32.2039,PARQUE NATURAL MUNICIPAL GOIAPABA-AÇU,FUNDÃO (ES)
0230.42.3536,PARQUE NATURAL MUNICIPAL SERRA DE SÃO MIGUEL,BIGUAÇU (SC)
0233.33.5010,ÁREA DE PROTEÇÃO AMBIENTAL DAS ÁGUAS DE TUCUNS,ARMAÇÃO DOS BÚZIOS (RJ)
0233.33.5013,MONUMENTO NATURAL JOSEFA BRAGA DE ALMEIDA,ARMAÇÃO DOS BÚZIOS (RJ)
0240.15.3739,PARQUE NATURAL MUNICIPAL DE CASTANHAL/PARÁ,CASTANHAL (PA)
0240.32.2939,PARQUE NATURAL MUNICIPAL MORRO DA PESCARIA,GUARAPARI (ES)
0240.33.2028,ÁREA DE PROTEÇÃO AMBIENTAL DO ARQUIPELAGO DE SANTANA,MACAÉ (RJ)
0240.33.2035,PARQUE NATURAL MUNICIPAL ATALAIA GUALTER CORRÊA DE FARIA,MACAÉ (RJ)
0240.33.2036,PARQUE NATURAL MUNICIPAL DO ESTUÁRIO DO RIO MACAÉ,MACAÉ (RJ)
0240.33.2047,ÀREA DE PROTEÇÃO AMBIENTAL DO SANA,MACAÉ (RJ)
0240.33.3553,PARQUE NATURAL MUNICIPAL DA RESTINGA DO BARRETO,MACAÉ (RJ)
0250.33.2789,PARQUE NATURAL MUNICIPAL BARÃO DE MAUÁ,MAGÉ (RJ)
0250.33.2801,ÁREA DE PROTEÇÃO AMBIENTAL SURUÍ,MAGÉ (RJ)
0253.16.4562,ÁREA DE PROTEÇÃO AMBIENTAL DO CARMO,ITAUBAL (AP)
0260.33.3205,ÁREA DE PROTEÇÃO AMBIENTAL MARINHA BOTO CINZA,MANGARATIBA (RJ)
0270.33.3270,REFÚGIO DE VIDA SILVESTRE MUNICIPAL DAS SERRAS DE MARICÁ,MARICÁ (RJ)
0270.33.3484,MONUMENTO NATURAL MUNICIPAL DA PEDRA DE ITAOCAIA,MARICÁ (RJ)
0270.33.3502,MONUMENTO NATURAL MUNICIPAL DA PEDRA DE INOÃ,MARICÁ (RJ)
0270.33.3503,ÁREA DE PROTEÇÃO AMBIENTAL MUNICIPAL DAS SERRAS DE MARICÁ,MARICÁ (RJ)
0320.32.2054,ÁREA DE RELEVANTE INTERESSE ECOLÓGICO DO DEGREDO,LINHARES (ES)
0330.33.3156,PARQUE NATURAL MUNICIPAL DE NITERÓI,NITERÓI (RJ)
0330.33.3169,ÁREA DE PROTEÇÃO AMBIENTAL DOS MORROS DA GUANABARA,NITERÓI (RJ)
0330.33.3965,ÁREA DE PROTEÇÃO AMBIENTAL DA FORTALEZA DE SANTA CRUZ E DOS FORTES DO PICO E DO RIO BRANCO,NITERÓI (RJ)
0330.33.3968,PARQUE NATURAL MUNICIPAL DA ÁGUA ESCONDIDA,NITERÓI (RJ)
0330.33.3969,ÁREA DE PROTEÇÃO AMBIENTAL DAS LAGUNAS E FLORESTAS DE NITERÓI,NITERÓI (RJ)
0330.33.4348,PARQUE NATURAL MUNICIPAL FLORESTA DO BALDEADOR,NITERÓI (RJ)
0332.32.2879,MONUMENTO NATURAL MUNICIPAL FALÉSIAS DE MARATAÍZES,MARATAÍZES (ES)
0350.33.1580,PARQUE NATURAL MUNICIPAL DE NOVA IGUAÇU,NOVA IGUAÇU (RJ)
0350.33.1871,ÀREA DE PROTEÇÃO AMBIENTAL RIO D´OURO,NOVA IGUAÇU (RJ)
0350.33.1872,ÁREA DE PROTEÇÃO AMBIENTAL GUANDÚ-AÇU,NOVA IGUAÇU (RJ)
0350.33.1873,ÀREA DE PROTEÇÃO AMBIENTAL RETIRO,NOVA IGUAÇU (RJ)
0350.33.1875,ÁREA DE PROTEÇÃO AMBIENTAL MORRO AGUDO,NOVA IGUAÇU (RJ)
0350.33.1876,ÀREA DE PROTEÇÃO AMBIENTAL TINGUAZINHO,NOVA IGUAÇU (RJ)
0350.33.1878,ÁREA DE PROTEÇÃO AMBIENTAL JACERUBA,NOVA IGUAÇU (RJ)
0350.33.1879,ÀREA DE PROTEÇÃO AMBIENTAL DE TINGUÁ,NOVA IGUAÇU (RJ)
0350.33.2749,AREA DE PROTEÇÃO AMBIENTAL POSSE/GUARITA,NOVA IGUAÇU (RJ)
0370.23.4218,MONUMENTO NATURAL DA SERRA DA RAJADA,CAUCAIA (CE)
0380.33.3524,ÁREA DE PROTEÇÃO AMBIENTAL DA BAÍA DE PARATY,PARATY (RJ)
0415.33.4110,PARQUE NATURAL MUNICIPAL DOS TERRAÇOS MARINHOS,QUISSAMÃ (RJ)
0415.33.4178,ÁREA DE PROTEÇÃO AMBIENTAL DO CANAL CAMPOS-MACAÉ,QUISSAMÃ (RJ)
0420.32.2908,PARQUE NATURAL MUNICIPAL DOS PURIS,PIÚMA (ES)
0440.23.3295,PARQUE NATURAL MUNICIPAL DAS DUNAS DA SABIAGUABA,FORTALEZA (CE)
0440.23.3900,ÁREA DE PROTEÇÃO AMBIENTAL DA LAGOA DA MARAPONGA,FORTALEZA (CE)
0452.33.2551,ÁREA DE PROTEÇÃO AMBIENTAL DA LAGOA DO IRIRY,RIO DAS OSTRAS (RJ)
0452.33.2552,PARQUE NATURAL MUNICIPAL DOS PÁSSAROS,RIO DAS OSTRAS (RJ)
0452.33.2553,ÁREA DE RELEVANTE INTERESSE ECOLÓGICO DE ITAPEBUSSUS,RIO DAS OSTRAS (RJ)
0455.33.1763,PARQUE NATURAL MUNICIPAL DA CATACUMBA,RIO DE JANEIRO (RJ)
0455.33.1764,APA DA SERRA DA CAPOEIRA GRANDE,RIO DE JANEIRO (RJ)
0455.33.1765,PARQUE NATURAL MUNICIPAL DA SERRA DA CAPOEIRA GRANDE,RIO DE JANEIRO (RJ)
0455.33.1766,APA DO MORRO DO SILVÉRIO,RIO DE JANEIRO (RJ)
0455.33.1767,ÁREA DE PROTEÇÃO AMBIENTAL DAS BRISAS,RIO DE JANEIRO (RJ)
0455.33.1769,PARQUE NATURAL MUNICIPAL DA SERRA DO MENDANHA,RIO DE JANEIRO (RJ)
0455.33.1777,APA DA ORLA MARÍTIMA DA BAÍA DE SEPETIBA,RIO DE JANEIRO (RJ)
0455.33.1778,PARQUE NATURAL MUNICIPAL FAZENDA DO VIEGAS,RIO DE JANEIRO (RJ)
0455.33.1782,APA DO MORRO DO VALQUEIRE,RIO DE JANEIRO (RJ)
0455.33.1783,APA DA FAZENDA DA TAQUARA,RIO DE JANEIRO (RJ)
0455.33.1784,APA DO BAIRRO DA FREGUESIA,RIO DE JANEIRO (RJ)
0455.33.1785,PARQUE NATURAL MUNICIPAL DA FREGUESIA,RIO DE JANEIRO (RJ)
0455.33.1786,PARQUE NATURAL MUNICIPAL BOSQUE DA BARRA,RIO DE JANEIRO (RJ)
0455.33.1787,APA DAS TABEBUIAS,RIO DE JANEIRO (RJ)
0455.33.1788,ÁREA DE PROTEÇÃO AMBIENTAL DO PARQUE MUNICIPAL ECOLÓGICO DE MARAPENDI,RIO DE JANEIRO (RJ)
0455.33.1789,PARQUE NATURAL MUNICIPAL DE MARAPENDI,RIO DE JANEIRO (RJ)
0455.33.1790,PARQUE NATURAL MUNICIPAL CHICO MENDES,RIO DE JANEIRO (RJ)
0455.33.1791,APA DA PAISAGEM E DO AREAL DA PRAIA DO PONTAL,RIO DE JANEIRO (RJ)
0455.33.1793,APA DA ORLA MARÍTIMA,RIO DE JANEIRO (RJ)
0455.33.1795,APA DA PEDRA BRANCA,RIO DE JANEIRO (RJ)
0455.33.1796,APA DA PRAINHA,RIO DE JANEIRO (RJ)
0455.33.1797,APA DA SERRA DOS PRETOS FORROS,RIO DE JANEIRO (RJ)
0455.33.1798,APA DOS MORROS DA BABILÔNIA E DE SÃO JOÃO,RIO DE JANEIRO (RJ)
0455.33.1799,APA DO MORRO DO LEME,RIO DE JANEIRO (RJ)
0455.33.1800,PARQUE NATURAL MUNICIPAL PENHASCO DOIS IRMÃOS - ARQUITETO SÉRGIO BERNARDES,RIO DE JANEIRO (RJ)
0455.33.1801,PARQUE NATURAL MUNICIPAL DARKE DE MATTOS,RIO DE JANEIRO (RJ)
0455.33.1802,PARQUE NATURAL MUNICIPAL DA CIDADE,RIO DE JANEIRO (RJ)
0455.33.1803,PARQUE NATURAL MUNICIPAL DA PRAINHA,RIO DE JANEIRO (RJ)
0455.33.1805,PARQUE NATURAL MUNICIPAL JOSÉ GUILHERME MERQUIOR,RIO DE JANEIRO (RJ)
0455.33.1807,PARQUE NATURAL MUNICIPAL FONTE DA SAUDADE,RIO DE JANEIRO (RJ)
0455.33.1811,MONUMENTO NATURAL DOS MORROS DO PÃO DE AÇÚCAR E URCA,RIO DE JANEIRO (RJ)
0455.33.1814,PARQUE NATURAL MUNICIPAL DO JARDIM DO CARMO,RIO DE JANEIRO (RJ)
0455.33.1816,APA DO MORRO DOS CABRITOS,RIO DE JANEIRO (RJ)
0455.33.1817,APA DO MORRO DA SAUDADE,RIO DE JANEIRO (RJ)
0455.33.1820,ÁREA DE PROTEÇÃO AMBIENTAL DO SACOPÃ,RIO DE JANEIRO (RJ)
0455.33.1822,APA DO VÁRZEA COUNTRY CLUB,RIO DE JANEIRO (RJ)
0455.33.1823,APA DE GRUMARI,RIO DE JANEIRO (RJ)
0455.33.1824,APA DAS PONTAS DE COPACABANA E ARPOADOR E SEUS ENTORNOS,RIO DE JANEIRO (RJ)
0455.33.1825,APA DE SÃO JOSÉ,RIO DE JANEIRO (RJ)
0455.33.1826,ARIE DE SÃO CONRADO,RIO DE JANEIRO (RJ)
0455.33.1827,PARQUE NATURAL MUNICIPAL DE GRUMARI,RIO DE JANEIRO (RJ)
0455.33.2868,PARQUE NATURAL MUNICIPAL PAISAGEM CARIOCA,RIO DE JANEIRO (RJ)
0455.33.2903,ÁREA DE PROTEÇÃO AMBIENTAL PAISAGEM CARIOCA,RIO DE JANEIRO (RJ)
0455.33.4295,ÁREA DE PROTEÇÃO AMBIENTAL DO SERTÃO CARIOCA,RIO DE JANEIRO (RJ)
0455.33.4350,REFÚGIO DE VIDA SILVESTRE DOS CAMPOS DE SERNAMBETIBA,RIO DE JANEIRO (RJ)
0455.33.4351,REFÚGIO DE VIDA SILVESTRE DA FLORESTA DO CAMBOATÁ,RIO DE JANEIRO (RJ)
0455.33.4378,"ÁREA DE PROTEÇÃO AMBIENTAL DAS SERRAS DE INHOAÍBA, CANTAGALO E SANTA EUGÊNIA",RIO DE JANEIRO (RJ)
0455.33.4379,ÁREA DE RELEVANTE INTERESSE ECOLÓGICO FLORESTA DA POSSE,RIO DE JANEIRO (RJ)
0490.33.3214,ÁREA DE PROTEÇÃO AMBIENTAL DO ENGENHO PEQUENO,SÃO GONÇALO (RJ)
0490.33.3215,PARQUE NATURAL MUNICIPAL DE SÃO GONÇALO,SÃO GONÇALO (RJ)
0490.33.3698,ÁREA DE PROTEÇÃO AMBIENTAL DAS ESTÂNCIAS DE PENDOTIBA,SÃO GONÇALO (RJ)
0490.33.3699,ÁREA DE PROTEÇÃO AMBIENTAL DE ITAOCA,SÃO GONÇALO (RJ)
0490.33.3700,ÁREA DE PROTEÇÃO AMBIENTAL DO ALTO DO GAIA,SÃO GONÇALO (RJ)
0500.32.2566,ÁREA DE PROTEÇÃO AMBIENTAL ESTADUAL MESTRE ÁLVARO,SERRA (ES)
0500.32.2582,ÁREA DE PROTEÇÃO AMBIENTAL MUNICIPAL DA LAGOA JACUNÉM,SERRA (ES)
0500.32.2583,PARQUE NATURAL MUNICIPAL DE BICANGA,SERRA (ES)
0500.32.2586,ÁREA DE PROTEÇÃO AMBIENTAL MUNICIPAL DO MORRO DO VILANTE,SERRA (ES)
0500.32.2728,ÁREA DE PROTEÇÃO AMBIENTAL MUNICÍPAL MANGUEZAL SUL DA SERRA,SERRA (ES)
0500.33.4253,REFÚGIO DE VIDA SILVESTRE DA LAGOA DO TAÍ,SÃO JOÃO DA BARRA (RJ)
0500.33.4300,ÁREA DE PROTEÇÃO AMBIENTAL DA CEHAB,SÃO JOÃO DA BARRA (RJ)
0500.33.4320,ÁREA DE PROTEÇÃO AMBIENTAL DO SALGADO,SÃO JOÃO DA BARRA (RJ)
0510.32.2558,PARQUE NATURAL MUNICIPAL ROTA DAS GARÇAS,VIANA (ES)
0510.33.2034,PARQUE NATURAL MUNICIPAL JARDIM JUREMA,SÃO JOÃO DE MERITI (RJ)
0520.32.2778,PARQUE NATURAL MUNICIPAL DE JACARENEMA,VILA VELHA (ES)
0520.32.2888,PARQUE NATURAL MUNICIPAL MORRO DA MANTEIGUEIRA,VILA VELHA (ES)
0520.32.2915,MONUMENTO NATURAL MUNICIPAL MORRO DO PENEDO,VILA VELHA (ES)
0520.32.2920,ÁREA DE PROTEÇÃO AMBIENTAL DA LAGOA GRANDE,VILA VELHA (ES)
0520.33.3027,PARQUE NATURAL MUNICIPAL DA MATA ATLÂNTICA ALDEENSE,SÃO PEDRO DA ALDEIA (RJ)
0530.32.2644,PARQUE ESTADUAL DA FONTE GRANDE,VITÓRIA (ES)
0530.32.2645,PARQUE NATURAL MUNICIPAL DE TABUAZEIRO,VITÓRIA (ES)
0530.32.2646,PARQUE NATURAL MUNICIPAL GRUTA DA ONÇA,VITÓRIA (ES)
0530.32.2647,ESTAÇÃO ECOLÓGICA MUNICIPAL ILHA DO LAMEIRÃO,VITÓRIA (ES)
0530.32.2648,PARQUE NATURAL MUNICIPAL PEDRA DOS OLHOS,VITÓRIA (ES)
0530.32.2649,PARQUE NATURAL MUNICIPAL VALE DO MULEMBÁ,VITÓRIA (ES)
0530.32.2650,PARQUE NATURAL MUNICIPAL VON SCHILGEN,VITÓRIA (ES)
0530.32.2651,PARQUE NATURAL MUNICIPAL DOM LUIZ GONZAGA FERNANDES,VITÓRIA (ES)
0530.32.2652,ÁREA DE PROTEÇÃO AMBIENTAL DO MACIÇO CENTRAL,VITÓRIA (ES)
0530.32.3813,REFUGIO DA VIDA SILVESTRE MUNICIPAL ANDRE RUSCHI,VITÓRIA (ES)
0530.32.3814,REFUGIO DA VIDA SILVESTRE MUNICIPAL DA MATA PALUDOSA,VITÓRIA (ES)
0530.32.3815,AREA DE PROTEÇÃO AMBIENTAL BAÍA DAS TARTARUGAS,VITÓRIA (ES)
0535.23.3034,ÁREA DE PROTEÇÃO AMBIENTAL DA PRAIA DE PONTA GROSSA,ICAPUÍ (CE)
0535.23.3128,ÁREA DE PROTEÇÃO AMBIENTAL DO MANGUEZAL DA BARRA GRANDE,ICAPUÍ (CE)
0540.42.1575,MONUMENTO NATURAL MUNICIPAL DA LAGOA DO PERI,FLORIANÓPOLIS (SC)
0540.42.1839,PARQUE NATURAL MUNICIPAL DA LAGOINHA DO LESTE,FLORIANÓPOLIS (SC)
0540.42.1841,PARQUE NATURAL MUNICIPAL DO MACIÇO DA COSTEIRA,FLORIANÓPOLIS (SC)
0540.42.3029,PARQUE NATURAL MUNICIPAL DO MORRO DA CRUZ,FLORIANÓPOLIS (SC)
0540.42.3159,MONUMENTO NATURAL MUNICIPAL DA GALHETA,FLORIANÓPOLIS (SC)
0540.42.3430,PARQUE NATURAL MUNICIPAL LAGOA DO JACARÉ DAS DUNAS DO SANTINHO,FLORIANÓPOLIS (SC)
0540.42.3732,PARQUE NATURAL MUNICIPAL DAS DUNAS DA LAGOA DA CONCEIÇÃO,FLORIANÓPOLIS (SC)
0540.42.4316,REFUGIO DE VIDA SILVESTRE MUNICIPAL MEIEMBIPE,FLORIANÓPOLIS (SC)
0540.42.4318,REFUGIO DE VIDA SILVESTRE MUNICIPAL DO MORRO DO LAMPIÃO,FLORIANÓPOLIS (SC)
0555.33.3689,ÁREA DE PROTEÇÃO AMBIENTAL DA SERRA DA CAMBRAIA,SEROPÉDICA (RJ)
0605.28.4948,ÁREA DE RELEVANTE INTERESSE ECOLÓGICO DOS MANGUEZAIS,BARRA DOS COQUEIROS (SE)
0605.43.1860,MONUMENTO NATURAL MUNICIPAL CAPÃO DA AMIZADE,CRISTAL (RS)
0607.32.3065,ÁREA DE RELEVANTE INTERESSE ECOLÓGICO MUNICIPAL AROEIRAS DO RIACHO,ARACRUZ (ES)
0704.33.5053,PARQUE NATURAL MUNICIPAL DO MICO LEÃO DOURADO,CABO FRIO (RJ)
0704.33.5054,PARQUE NATURAL MUNICIPAL DORMITÓRIO DAS GARÇAS “WALTER BESSA”,CABO FRIO (RJ)
0750.25.3853,PARQUE NATURAL MUNICIPAL DO CUIÁ - PARQUE CUIÁ,JOÃO PESSOA (PB)
0810.24.1851,PARQUE NATURAL MUNICIPAL DA CIDADE DO NATAL DOM NIVALDO MONTE,NATAL (RN)
0820.42.1865,ÁREA DE PROTEÇÃO AMBIENTAL DO BRILHANTE,ITAJAÍ (SC)
0820.42.1866,PARQUE NATURAL MUNICIPAL ILHA DAS CAPIVARAS/SIBARA,ITAJAÍ (SC)
0820.42.1906,PARQUE NATURAL MUNICIPAL DO ATALAIA,ITAJAÍ (SC)
0830.42.3770,REFÚGIO DE VIDA SILVESTRE DE ITAPEMA,ITAPEMA (SC)
0845.42.2049,PARQUE NATURAL MUNICIPAL CARIJÓS,ITAPOÁ (SC)
0860.29.3847,MONUMENTO NATURAL PENÍNSULA DA SIRIBINHA,CONDE (BA)
0910.42.2923,ÁREA DE PROTEÇÃO AMBIENTAL SERRA DONA FRANCISCA,JOINVILLE (SC)
0910.42.2924,ÁREA DE RELEVANTE INTERESSE ECOLÓGICO DO MORRO DO BOA VISTA,JOINVILLE (SC)
0910.42.2925,ÁREA DE RELEVANTE INTERESSE ECOLÓGICO DO MORRO DO IRIRIÚ,JOINVILLE (SC)
0910.42.2926,PARQUE NATURAL MUNICIPAL DA CAIEIRA,JOINVILLE (SC)
0910.42.2927,RESERVA DE DESENVOLVIMENTO SUSTENTÁVEL DA ILHA DO MORRO DO AMARAL,JOINVILLE (SC)
0930.25.1727,ÁREA DE RELEVANTE INTERESSE ECOLÓGICO DA BARRA DO RIO CAMARATUBA,MATARACA (PB)
1040.42.4195,PARQUE NATURAL MUNICIPAL MARACAJÁ,MARACAJÁ (SC)
1050.35.2776,PARQUE NATURAL MUNICIPAL DO JUQUERIQUERÊ,CARAGUATATUBA (SP)
1130.42.2359,PARQUE NATURAL MUNICIPAL DE NAVEGANTES,NAVEGANTES (SC)
1160.26.4250,ÁREA DE RELEVANTE INTERESSE ECOLÓGICO JIQUIÁ,RECIFE (PE)
1160.26.4257,ÁREA DE PROTEÇÃO AMBIENTAL SÍTIO DOS PINTOS,RECIFE (PE)
1160.26.4262,ÁREA DE RELEVANTE INTERESSE ECOLÓGICO AÇUDE DE APIPUCOS,RECIFE (PE)
1160.26.4274,ÁREA DE RELEVANTE INTERESSE ECOLÓGICO CAPIVARAS,RECIFE (PE)
1160.26.4276,ÁREA DE RELEVANTE INTERESSE ECOLÓGICO DOIS UNIDOS,RECIFE (PE)
1160.26.4277,ÁREA DE RELEVANTE INTERESSE ECOLÓGICO ILHA DO ZECA,RECIFE (PE)
1160.26.4279,ÁREA DE RELEVANTE INTERESSE ECOLÓGICO IPUTINGA,RECIFE (PE)
1160.26.4280,ÁREA DE RELEVANTE INTERESSE ECOLÓGICO JOANA BEZERRA,RECIFE (PE)
1160.26.4281,ÁREA DE RELEVANTE INTERESSE ECOLÓGICO MATA DA VÁRZEA,RECIFE (PE)
1160.26.4282,ÁREA DE RELEVANTE INTERESSE ECOLÓGICO MATA DO BARRO,RECIFE (PE)
1160.26.4283,ÁREA DE RELEVANTE INTERESSE ECOLÓGICO RIO JORDÃO,RECIFE (PE)
1160.26.4284,ÁREA DE RELEVANTE INTERESSE ECOLÓGICO SÃO MIGUEL,RECIFE (PE)
1160.26.4285,ÁREA DE RELEVANTE INTERESSE ECOLÓGICO SÍTIO GRANDE,RECIFE (PE)
1160.26.4286,ÁREA DE RELEVANTE INTERESSE ECOLÓGICO TAMANDARÉ,RECIFE (PE)
1160.26.4288,ÁREA DE PROTEÇÃO AMBIENTAL CAXANGÁ,RECIFE (PE)
1160.26.4289,ÁREA DE RELEVANTE INTERESSE ECOLÓGICO CURADO,RECIFE (PE)
1160.26.4290,ÁREA DE RELEVANTE INTERESSE ECOLÓGICO LAGOA DO ARAÇÁ,RECIFE (PE)
1160.26.4291,ÁREA DE RELEVANTE INTERESSE ECOLÓGICO MATA DAS NASCENTES,RECIFE (PE)
1160.26.4292,ÁREA DE RELEVANTE INTERESSE ECOLÓGICO MATAS DO CURADO,RECIFE (PE)
1160.26.4311,ÁREA DE RELEVANTE INTERESSE ECOLÓGICO DOIS IRMÃOS,RECIFE (PE)
1160.26.4312,ÁREA DE RELEVANTE INTERESSE ECOLÓGICO BEBERIBE,RECIFE (PE)
1160.26.4339,ÁREA DE RELEVANTE INTERESSE ECOLÓGICO ORLA MARÍTIMA,RECIFE (PE)
1280.42.4150,PARQUE NATURAL MUNICIPAL RIO PIÇARRAS,BALNEÁRIO PIÇARRAS (SC)
1306.33.4432,PARQUE NATURAL MUNICIPAL CÓRREGO DA LUZ,CASIMIRO DE ABREU (RJ)
1350.42.3626,PARQUE NATURAL MUNICIPAL DA LAGOA DO PEREQUÊ,PORTO BELO (SC)
1350.43.1976,ÁREA DE PROTEÇÃO AMBIENTAL MORRO DE OSÓRIO,OSÓRIO (RS)
1360.29.2321,PARQUE MUNICIPAL NATURAL DA BOA ESPERANÇA,ILHÉUS (BA)
1360.29.3177,ÁREA DE RELEVANTE INTERESSE ECOLÓGICO CORREDOR ECOLÓGICO LAGOA ENCANTADA / SERRA DO CONDURU,ILHÉUS (BA)
1485.26.3281,PARQUE NATURAL MUNICIPAL DO FORTE DE TAMANDARE,TAMANDARÉ (PE)
1501.43.4618,APA DA LAGOA DE ITAPEVA,TORRES (RS)
1560.43.1757,AREA DE PROTEÇÃO AMBIENTAL DA LAGOA VERDE,RIO GRANDE (RS)
1620.42.4343,REFUGIO DA VIDA SILVESTRE NASCENTES DO SAI,SÃO FRANCISCO DO SUL (SC)
1707.21.4942,MONUMENTO NATURAL MORRO DA LADEIRA,BARREIRINHAS (MA)
1709.15.4587,REFÚGIO DE VIDA SILVESTRE DA ILHA CHAÚ,BRAGANÇA (PA)
1709.15.4588,REFÚGIO DE VIDA SILVESTRE DA ILHA DO CANELA,BRAGANÇA (PA)
1760.43.4194,PARQUE NATURAL MUNICIPAL MANUEL DE BARROS PEREIRA,SANTO ANTÔNIO DA PATRULHA (RS)
1850.33.4451,MONUMENTO NATURAL MUNICIPAL DA CONCÓRDIA,GUAPIMIRIM (RJ)
1850.33.4452,REFÚGIO DA VIDA SILVESTRE DO SUCAVÃO,GUAPIMIRIM (RJ)
1850.33.4453,PARQUE NATURAL MUNICIPAL DAS ÁGUAS DE GUAPIMIRIM,GUAPIMIRIM (RJ)
1850.43.3207,REFÚGIO DE VIDA SILVESTRE DO MOLHE LESTE,SÃO JOSÉ DO NORTE (RS)
1870.35.3977,ÁREA DE PROTEÇÃO AMBIENTAL MUNICIPAL DA SERRA DO GUARARU,GUARUJÁ (SP)
1870.35.4298,ÁREA DE PROTEÇÃO AMBIENTAL DA SERRA DE SANTO AMARO,GUARUJÁ (SP)
2100.29.3581,PARQUE NATURAL MUNICIPAL DA RESTINGA DE PRAIA DO FORTE,MATA DE SÃO JOÃO (BA)
2200.29.3803,ÁREA DE PROTEÇÃO AMBIENTAL DE COSTA DOURADA,MUCURI (BA)
2202.15.4590,PARQUE NATURAL MUNICIPAL RIO GARRAFÃO,CAPANEMA (PA)
2300.43.3400,PARQUE NATURAL MUNICIPAL SAINT HILAIRE,VIAMÃO (RS)
2305.42.4659,MONUMENTO NATURAL CACHOEIRA DO AMÂNCIO,BIGUAÇU (SC)
2530.29.3033,PARQUE NATURAL MUNICIPAL MARINHO DO RECIFE DE FORA,PORTO SEGURO (BA)
2600.24.4944,PARQUE NATURAL MUNICIPAL BOCA DA MATA,CEARÁ-MIRIM (RN)
2601.33.4670,PARQUE NATURAL MUNICIPAL DA PEDRA DO URUBU,MANGARATIBA (RJ)
2601.33.4884,ÁREA DE PROTEÇÃO AMBIENTAL ILHA VERDE,MANGARATIBA (RJ)
2858.33.4624,ÁREA DE PROTEÇÃO AMBIENTAL MESQUITA,MESQUITA (RJ)
2858.33.4636,PARQUE NATURAL MUNICIPAL DE MESQUITA,MESQUITA (RJ)
3209.25.4713,PARQUE NATURAL MUNICIPAL DE CABEDELO,CABEDELO (PB)
3302.33.4967,RESERVA PARTICULAR DO PATRIMÔNIO NATURAL CLÁUDIA ALMEIDA,NITERÓI (RJ)
3302.33.4968,PARQUE NATURAL MUNICIPAL MORRO DO MORCEGO DORA HEES DE NEGREIROS,NITERÓI (RJ)
3302.33.4978,MONUMENTO NATURAL DE ICARAHY,NITERÓI (RJ)
3500.42.4940,ÁREA DE PROTEÇÃO AMBIENTAL DA PONTA DO ARAÇÁ,PORTO BELO (SC)
3504.35.4958,PARQUE NATURAL MUNICIPAL COTIA-PARÁ,CUBATÃO (SP)
4151.33.4635,ÁREA DE PROTEÇÃO AMBIENTAL DA LAGOA DA RIBEIRA,QUISSAMÃ (RJ)
4302.32.4966,RDS FOZ DO ITABAPOANA,PRESIDENTE KENNEDY (ES)
4500.27.4660,ARIE LAGOA AZUL,MARAGOGI (AL)
4557.33.4879,MONUMENTO NATURAL DO RECREIO DOS BANDEIRANTES,RIO DE JANEIRO (RJ)
4850.35.2063,ÁREA DE PROTEÇÃO AMBIENTAL SANTOS CONTINENTE,SANTOS (SP)
4850.35.4132,PARQUE NATURAL MUNICIPAL ENGENHO SAO JORGE DOS ERASMOS,SANTOS (SP)
5000.33.4420,ÁREA DE PROTEÇÃO AMBIENTAL DAS DUNAS E RESTINGAS,SÃO JOÃO DA BARRA (RJ)
5000.33.4767,ÁREA DE PROTEÇÃO AMBIENTAL DO VEIGA,SÃO JOÃO DA BARRA (RJ)
5070.35.3577,ÁREA DE PROTEÇÃO AMBIENTAL BALEIA SAHY,SÃO SEBASTIÃO (SP)
5200.32.4582,MONUMENTO NATURAL MORRO DO MORENO,VILA VELHA (ES)
5407.42.3063,PARQUE NATURAL MUNICIPAL DO MANGUEZAL DO ITACORUBI - FRITZ MÜLLER,FLORIANÓPOLIS (SC)
5505.33.4668,ÁREA DE RELEVANTE INTERESSE ECOLÓGICO FORMIGUEIRO-DO-LITORAL,SAQUAREMA (RJ)
5505.33.4673,ÁREA DE PROTEÇÃO AMBIENTAL DAS SERRAS DO MATO GROSSO - TINGUI - CASTELHAÑAS,SAQUAREMA (RJ)
5554.33.4924,ÁREA DE PROTEÇÃO AMBIENTAL DA SERRA DO CATUMBI,SEROPÉDICA (RJ)
6405.23.4960,ÁREA DE PROTEÇÃO AMBIENTAL DA SERRA DE ITAPIPOCA,ITAPIPOCA (CE)
8204.41.4837,ÁREA DE RELEVANTE INTERESSE ECOLÓGICO (ARIE) DA ILHA DOS VALADARES,PARANAGUÁ (PR)
8204.41.4838,PARQUE NATURAL MUNICIPAL (PNM) DO RIBEIRÃO DOS ALMEIDAS,PARANAGUÁ (PR)
8204.41.4839,PARQUE NATURAL MUNICIPAL (PNM) DO RIO DAS PEDRAS,PARANAGUÁ (PR)
8450.42.4583,ÁREA DE PROTEÇÃO AMBIENTAL DOS GUAIAMUNS,ITAPOÁ (SC)
8450.42.4941,RESERVA BIOLÓGICA (REBIO) MATA DOS GUANANDIS - SIMFLOR I,ITAPOÁ (SC)
9600.26.4568,ARIE DE HORTO D'EL REY,OLINDA (PE)
9600.26.4569,ÁREA DE PROTEÇÃO AMBIENTAL NASCENTES DA ZONA RURAL,OLINDA (PE)
9600.26.4570,ARIE MANGUE DE SANTA TERESA,OLINDA (PE)
9609.41.4829,PARQUE MUNICIPAL NATURAL DA LAGOA DO PARADO,GUARATUBA (PR)
9954.41.4609,PARQUE NATURAL MUNICIPAL DO MANGUEZAL DO RIO PEREQUÊ,PONTAL DO PARANÁ (PR)
